"profit","treatment"
0,0
5000,1
0,1
0,0
0,0
0,1
-1700,0
0,0
0,0
0,0
0,0
0,1
0,0
0,1
0,1
0,1
2000,0
0,0
0,0
0,1
0,1
1500,1
0,1
-600,0
0,1
0,1
0,1
0,1
0,0
0,1
0,1
0,0
0,0
0,0
0,1
0,1
0,0
0,0
0,0
0,0
0,1
0,0
0,0
0,0
0,1
0,0
0,1
0,1
0,0
0,1
0,1
0,0
180,0
0,0
0,0
-500,0
0,0
0,1
0,0
0,1
0,0
0,0
0,1
0,0
0,0
0,1
0,0
0,1
4000,1
0,1
0,1
1300,0
0,0
0,1
11000,0
0,0
3000,1
0,1
-140,0
0,0
0,1
0,1
0,0
1000,0
0,0
800,1
0,0
0,0
0,1
0,1
0,1
0,0
0,1
0,0
300,0
0,0
1500,1
300,0
0,0
0,0
0,0
0,1
0,0
0,0
0,1
0,0
0,1
-14000,1
0,1
-500,0
0,0
0,1
0,1
0,1
0,1
0,0
0,1
0,1
0,1
0,1
0,1
0,1
0,0
0,0
0,0
0,1
0,0
26500,0
0,1
0,1
0,0
800,1
0,1
0,0
350,1
0,1
0,0
0,0
0,1
0,0
0,0
0,1
0,0
0,0
0,1
0,0
0,0
0,0
0,1
0,0
400,1
0,0
0,0
0,0
0,0
0,1
0,0
0,1
0,1
1000,1
0,0
0,1
0,1
100,1
0,1
600,0
0,1
0,0
1000,1
0,1
0,0
0,1
0,0
0,1
0,0
0,1
0,0
0,0
0,1
0,1
2000,0
0,0
0,1
0,1
0,1
1000,1
300,1
0,0
300,1
700,1
0,0
0,1
0,1
0,1
0,0
0,0
0,0
0,0
0,1
0,0
0,1
0,0
0,0
0,0
200,0
0,0
0,1
0,0
0,1
0,0
0,0
0,0
0,1
-200,1
0,1
0,1
0,0
0,1
0,0
0,0
0,1
600,0
0,1
0,1
0,0
1300,0
200,0
0,0
0,1
200,1
0,0
-2500,1
0,1
0,1
0,1
0,0
0,0
0,1
0,0
250,1
1800,1
0,1
0,0
0,0
0,0
0,1
0,0
0,1
0,1
0,0
0,1
0,1
0,1
0,0
0,0
0,0
0,1
2000,0
0,0
1200,0
0,1
0,1
0,1
0,1
0,0
0,1
0,1
0,1
0,1
0,0
0,1
0,1
1000,1
0,1
0,1
0,1
0,0
0,0
0,1
0,0
0,0
0,0
0,1
0,0
0,0
0,1
500,1
0,1
-180,1
0,1
0,1
0,0
0,1
2000,0
500,1
0,1
0,0
0,0
0,1
0,0
0,0
0,0
0,1
0,1
0,1
0,1
0,0
0,0
0,1
0,1
-3000,1
0,1
0,1
0,1
0,1
0,0
0,1
0,1
0,1
0,1
0,0
0,1
0,1
0,0
0,0
0,1
0,0
0,1
-900,1
0,0
0,1
0,1
0,1
0,0
0,1
0,1
0,0
0,0
0,1
0,1
0,1
0,1
0,1
2000,0
0,1
0,1
-300,1
0,0
1800,0
0,1
0,0
0,0
0,1
250,1
0,0
0,0
0,1
0,0
0,0
0,1
2040,0
0,0
0,1
0,0
0,0
0,0
0,0
0,1
0,0
0,0
-270,1
200,0
0,1
0,1
0,0
0,0
0,0
0,0
-100,0
0,0
0,0
0,0
0,1
1400,0
0,0
0,1
0,0
0,0
-1500,1
1125,1
0,0
0,0
0,0
0,1
0,0
0,0
0,0
1000,1
0,1
700,0
-2000,1
800,0
0,0
0,0
0,1
0,1
1000,1
0,1
0,0
0,0
0,0
0,1
0,1
0,1
0,1
0,1
0,0
0,0
0,0
-960,1
0,0
0,0
0,1
0,1
0,1
0,1
0,1
0,0
0,1
1000,0
0,1
0,1
0,1
1500,0
0,1
0,1
200,1
0,0
0,0
0,0
0,0
0,1
0,0
0,1
0,0
0,0
0,0
0,1
0,1
114,0
0,1
500,0
0,1
0,1
1100,1
0,1
0,0
600,0
0,0
3000,0
0,0
0,1
0,0
0,1
0,1
0,0
0,1
0,1
0,0
0,1
0,1
0,1
0,0
0,0
0,1
0,0
0,1
1000,0
1000,1
1500,1
0,1
0,0
0,1
1800,0
0,0
0,0
0,1
0,0
1200,1
0,0
0,0
1000,1
0,0
0,0
0,1
0,1
0,0
0,0
0,0
-2000,1
-500,1
0,0
0,0
2403,1
300,1
0,0
0,0
0,1
0,0
700,0
0,1
0,0
-405,0
0,0
0,1
0,0
400,1
0,0
0,0
0,1
0,0
0,1
700,0
0,1
0,1
0,1
0,1
0,0
0,1
0,1
0,0
0,1
0,1
0,1
0,0
0,0
0,0
0,0
0,0
200,1
0,0
0,1
0,0
0,1
0,1
0,0
600,1
0,0
0,0
0,1
0,1
0,1
0,0
900,1
0,1
0,1
1000,1
0,0
0,1
0,0
600,0
1400,0
0,0
0,0
0,0
0,1
5000,0
0,0
0,1
0,0
0,0
0,0
-4500,1
0,1
2200,1
0,1
0,0
300,0
4000,0
0,1
-300,0
0,0
0,1
100,0
0,0
0,1
0,1
0,1
0,0
1350,1
0,0
0,0
0,1
0,1
0,1
0,0
0,1
0,0
0,0
0,0
0,1
0,0
0,1
0,1
0,0
0,1
0,1
0,1
0,1
0,0
0,1
300,0
0,0
3400,0
600,1
0,1
0,1
0,0
650,0
-100,0
0,1
0,0
0,1
0,0
160,1
0,0
1400,0
0,0
-1250,0
0,1
1200,1
0,1
0,1
0,0
0,0
0,0
0,1
0,0
0,1
0,0
0,0
0,1
700,1
0,1
0,1
0,0
0,0
0,1
0,1
0,0
0,0
520,1
0,0
0,1
0,0
0,1
100,1
100,1
0,0
0,0
0,1
0,1
0,0
0,1
0,0
0,1
5580,0
0,0
0,1
0,0
0,0
0,0
0,0
0,1
0,0
0,0
0,0
0,1
0,1
0,1
0,1
0,0
-1000,0
0,0
0,1
1300,0
0,0
0,1
4500,0
60,0
0,1
0,0
500,1
0,1
0,1
0,1
0,1
1900,0
-600,0
0,0
0,0
0,0
0,1
0,1
0,1
0,0
0,0
0,1
0,1
0,1
0,0
0,1
0,1
1000,1
0,1
0,1
0,1
0,1
1000,0
100,0
0,0
0,1
0,1
0,1
0,0
0,0
50,1
0,0
0,0
0,1
0,0
0,0
0,1
1200,1
0,1
0,0
0,0
0,0
1500,1
0,0
-1300,0
0,1
0,1
0,1
0,1
0,1
0,0
0,0
30,1
0,1
0,1
0,1
0,0
0,0
0,1
0,1
0,1
0,1
0,0
0,1
0,1
0,0
0,0
0,0
0,1
0,0
0,1
0,1
0,0
0,0
0,1
3000,1
800,0
0,1
0,0
0,0
0,0
0,0
0,0
0,0
0,0
0,1
0,1
0,1
0,1
0,1
0,1
600,1
10000,0
0,0
1500,0
0,1
-1500,1
800,1
0,0
0,1
0,1
0,0
0,0
0,1
0,0
0,1
0,1
0,0
0,0
0,0
0,1
500,0
0,1
100,1
0,1
0,1
0,1
0,0
0,1
0,0
0,0
0,1
0,1
0,1
0,1
0,0
0,0
1200,1
0,0
0,1
0,0
0,1
0,0
0,1
0,1
-120,0
0,1
0,0
0,0
0,0
0,0
700,0
400,1
0,0
0,0
0,1
0,0
0,0
0,0
0,0
0,0
0,1
0,0
0,0
0,0
0,1
0,1
2000,0
0,0
0,1
0,0
0,0
0,0
0,1
0,1
0,0
0,0
0,1
0,0
0,1
0,1
0,0
0,1
0,1
0,1
0,0
0,0
0,1
0,1
0,0
0,1
-300,1
-450,1
0,0
2200,0
0,1
0,1
0,1
700,1
85,0
0,1
0,1
330,1
0,0
0,1
1400,0
0,0
0,1
0,0
0,1
0,1
0,0
0,0
0,0
0,1
0,1
0,0
0,1
0,0
0,1
0,0
0,1
0,1
1000,1
0,1
600,1
0,1
0,1
2500,0
0,0
-2000,1
0,0
0,1
0,0
0,1
0,1
0,0
0,0
0,1
0,0
0,0
0,1
0,1
0,0
200,1
0,1
0,1
0,1
0,1
0,1
0,0
1000,0
0,0
0,0
0,0
0,1
0,0
0,0
0,1
0,0
0,0
0,1
0,0
0,0
0,0
0,0
0,1
0,1
0,1
0,0
0,0
0,0
0,1
0,0
0,1
0,1
0,0
0,0
0,1
0,1
0,1
0,1
1200,0
0,1
0,0
0,1
-500,1
0,1
0,0
1400,1
-100,1
0,0
0,0
0,1
0,1
0,0
0,0
0,1
0,0
0,1
0,0
0,0
0,0
8000,1
0,0
0,1
3845,1
300,0
0,0
900,0
0,1
0,0
0,1
0,1
200,1
0,1
0,0
0,1
0,0
0,1
0,0
0,1
0,1
0,1
0,1
0,1
0,1
0,1
0,0
0,1
0,0
0,1
0,1
0,1
0,1
0,1
0,0
0,1
0,1
0,0
0,0
0,1
0,0
0,0
-2000,1
-400,0
0,0
0,0
0,0
0,1
0,0
0,1
0,1
0,1
0,1
0,0
0,1
0,1
0,0
400,1
0,0
0,1
0,0
0,0
20,1
0,1
0,0
0,1
0,0
0,0
0,1
0,1
0,0
0,0
500,1
0,0
0,1
600,0
1000,0
0,0
0,1
500,1
0,1
0,1
0,1
0,0
650,1
0,0
0,1
0,1
0,1
0,0
3300,0
5100,1
0,1
0,0
0,0
0,0
0,0
0,1
0,0
0,1
0,1
0,1
0,0
0,0
0,1
0,1
0,0
0,0
700,1
0,1
0,1
0,0
0,1
0,1
0,1
200,0
0,1
0,0
0,1
0,1
0,0
-300,1
-1500,1
0,1
100,0
0,1
0,0
3500,1
0,0
0,0
0,1
0,1
100,0
0,0
0,1
0,1
0,1
0,0
0,0
0,1
0,1
0,1
46500,0
0,0
400,0
500,1
0,0
0,0
0,0
0,1
0,1
0,0
0,0
0,0
0,0
1400,1
0,1
0,1
0,1
0,1
0,0
0,0
400,0
0,0
0,0
0,1
0,0
0,0
0,1
0,1
0,0
0,0
700,1
0,1
0,0
2000,1
-2300,1
0,0
0,1
0,1
0,0
0,1
0,1
0,1
0,0
300,0
-808,0
0,0
0,0
600,0
0,1
0,0
0,0
0,0
0,1
0,0
-3500,1
-300,1
0,0
0,1
0,0
0,1
0,0
1300,0
0,0
0,0
0,1
0,1
0,1
0,1
0,1
0,1
800,1
400,0
0,0
0,0
0,0
0,0
0,1
0,0
0,0
600,1
0,0
0,1
0,1
0,0
0,1
0,0
0,0
0,1
0,0
0,0
0,1
0,1
500,0
0,0
0,0
0,0
0,1
1520,1
0,0
0,1
0,0
400,1
0,0
0,1
0,0
0,0
0,1
0,1
0,0
0,0
1000,0
1560,0
-250,0
0,1
0,1
800,0
0,1
0,1
0,1
0,1
0,0
50,1
0,0
0,1
0,1
0,0
-5000,1
4800,0
5000,0
1500,1
0,0
0,0
0,0
2400,1
0,1
3000,0
800,1
0,0
150,1
0,1
300,0
0,1
0,1
0,0
0,1
0,0
0,0
0,1
0,0
0,1
0,1
0,0
0,0
0,0
0,1
0,1
0,1
900,1
0,1
0,0
200,1
0,1
0,0
-5000,0
0,0
0,0
-2000,1
0,1
0,0
0,1
0,1
0,0
700,1
0,1
0,1
0,1
300,0
0,0
0,0
0,1
1200,1
0,1
0,1
0,0
0,1
0,0
0,0
0,1
0,1
0,1
0,0
-60,0
0,1
0,1
0,0
0,0
488,0
0,0
0,1
0,1
4000,0
0,0
0,1
0,1
0,0
0,0
0,1
0,0
0,0
-200,1
0,0
-20,1
0,1
0,0
0,0
4000,1
0,0
0,1
0,0
1000,1
0,1
0,0
-100,0
0,1
0,1
0,1
0,0
-5000,1
0,1
0,0
0,1
0,1
1800,1
0,0
0,0
0,0
0,1
0,1
0,1
0,0
0,0
0,0
0,0
0,1
0,1
0,1
0,1
0,0
0,1
0,0
0,1
0,1
0,0
0,1
250,0
0,0
300,1
0,1
0,0
0,0
0,1
0,0
0,0
0,0
0,1
0,0
-1100,0
0,1
-300,0
0,1
400,0
450,0
0,1
0,1
1350,1
0,1
0,1
0,0
0,0
0,0
0,1
0,1
0,0
0,0
1500,0
0,1
0,0
0,1
0,1
0,0
0,1
0,1
0,0
0,0
0,1
0,0
0,1
0,0
0,1
0,1
0,1
0,0
0,1
0,1
150,1
1450,1
-1000,1
0,0
0,0
0,0
0,1
2000,1
0,0
0,0
0,1
0,0
0,0
0,0
0,1
2000,1
0,1
0,0
0,0
0,0
0,1
0,0
0,0
0,1
0,0
0,0
-1600,0
0,0
0,1
0,1
0,1
0,1
1200,0
0,1
0,1
0,0
0,0
2000,0
0,0
0,1
0,1
0,0
0,1
0,0
0,1
0,0
0,0
0,1
0,1
0,1
0,1
0,0
0,0
-200,1
0,0
24000,0
0,0
800,0
0,0
0,0
0,0
0,1
0,1
0,1
0,0
0,0
0,0
0,0
0,0
0,1
0,0
400,1
-300,0
0,1
0,0
0,1
0,1
0,0
0,1
0,1
0,1
0,1
0,0
0,0
0,1
0,1
0,1
0,0
0,1
0,1
0,0
0,1
0,0
0,0
0,0
0,1
0,0
0,0
1200,1
0,1
0,0
0,1
0,1
-4000,1
0,0
0,1
0,0
0,1
0,0
0,0
0,1
0,1
0,0
0,1
1300,1
0,0
0,0
1500,1
0,0
0,0
0,0
0,1
0,1
0,1
0,1
0,0
0,0
0,1
0,0
0,0
0,1
1300,1
0,1
0,0
0,0
6000,0
0,1
0,0
0,0
0,0
0,1
0,0
0,1
1900,1
-50,0
0,1
0,1
0,0
3000,1
0,0
0,0
0,1
0,0
-1000,0
0,0
0,0
0,1
0,1
0,0
0,0
400,1
0,0
0,0
0,0
0,0
0,0
0,1
0,1
0,0
0,1
0,1
0,1
0,1
0,1
0,1
16000,0
0,0
0,0
1200,0
0,0
0,0
0,1
0,0
0,1
0,0
0,0
-200,1
400,1
-700,1
0,0
2000,1
0,1
0,1
0,1
0,1
0,1
0,1
0,0
1500,1
0,1
0,1
0,1
0,0
0,0
0,0
0,1
0,0
0,1
0,0
0,0
0,1
0,0
0,0
0,1
0,1
0,1
0,1
0,0
0,1
0,0
0,1
0,1
0,1
0,1
6000,0
0,0
0,0
0,1
0,0
-500,1
2000,1
0,1
0,0
0,0
0,1
0,0
0,1
0,1
0,1
0,1
0,1
0,0
0,1
0,0
0,0
0,0
0,0
0,0
0,1
0,1
0,1
0,1
0,1
0,0
0,1
0,0
0,0
0,1
0,1
0,1
0,1
0,0
9400,1
0,0
0,1
0,0
3000,0
0,1
0,1
0,1
0,1
900,1
0,0
0,0
2000,1
0,1
0,0
0,0
0,1
0,1
-300,1
0,1
0,1
0,0
0,1
0,1
50,0
0,0
0,0
0,0
0,0
600,1
0,1
0,0
0,1
0,0
0,1
0,0
-100,1
0,1
0,1
0,0
0,0
0,0
0,0
0,0
0,0
0,1
-1000,1
0,0
0,0
1000,0
0,0
240,1
0,0
0,0
0,1
0,1
0,1
4000,0
0,1
0,1
0,0
0,0
600,1
0,0
0,0
0,1
0,1
0,0
0,0
0,0
0,0
0,0
0,1
950,0
0,1
0,1
1800,0
600,1
1000,1
300,1
0,1
0,0
0,1
0,0
0,0
0,1
0,1
0,1
0,0
0,0
0,1
0,0
0,1
0,0
0,1
0,0
-700,0
0,0
1000,1
0,1
0,0
0,1
200,1
0,0
0,1
0,1
0,0
0,0
0,1
0,0
0,1
0,0
-1100,1
-300,0
0,0
1450,0
0,1
0,1
0,1
0,1
0,1
1680,1
0,0
0,1
200,0
1500,0
0,0
0,0
0,0
0,1
0,1
500,1
0,0
1300,0
0,1
-2500,0
0,1
2000,0
0,0
0,0
200,0
580,1
0,0
0,0
0,1
0,1
200,1
0,1
0,1
0,0
0,0
0,1
0,0
0,1
0,0
0,1
0,0
0,1
1000,0
0,1
0,1
0,1
0,0
800,1
300,1
4000,1
500,0
0,0
0,0
0,1
0,1
0,0
0,1
0,1
0,1
0,0
0,0
50,0
1600,1
0,1
0,1
0,1
0,0
0,0
0,0
5118,1
0,1
0,1
0,1
0,1
1200,0
-1500,1
0,1
0,1
0,0
0,1
0,0
800,1
0,1
0,1
-500,1
0,1
0,1
0,1
400,1
0,0
0,1
1600,0
0,0
800,0
0,1
0,1
700,0
6150,0
0,0
0,1
0,0
0,0
0,1
0,0
0,0
0,0
0,1
0,0
300,1
-1400,0
3900,1
0,0
0,1
0,0
0,0
0,0
0,1
0,0
0,0
0,0
0,0
0,0
0,1
0,0
-14000,0
-200,0
0,1
0,1
0,0
0,0
0,0
0,0
0,1
0,1
0,1
0,1
0,1
-800,1
0,1
0,1
0,1
300,1
0,1
0,0
0,0
-388,1
-1000,1
0,0
0,1
1400,1
2000,0
0,0
0,1
1500,1
0,1
0,0
0,1
0,0
0,1
0,1
0,0
0,1
0,0
0,0
0,1
0,1
-1500,0
0,0
0,1
0,1
0,1
0,1
0,0
0,1
0,1
0,1
0,0
0,0
0,1
-2000,0
0,1
0,0
-1000,0
0,1
0,0
0,1
0,1
0,0
0,0
0,0
0,1
0,1
0,1
0,0
0,1
0,1
0,1
0,0
250,0
-200,1
0,1
0,0
2000,1
0,0
1100,1
0,1
0,0
0,0
0,1
0,1
0,1
0,0
0,0
0,1
0,0
0,0
0,1
1900,1
0,1
0,0
0,1
0,1
0,1
0,0
0,1
0,0
0,1
0,1
0,1
0,1
1500,0
0,0
0,1
0,0
300,1
0,0
0,0
0,0
0,1
0,0
0,1
0,0
0,0
0,0
0,1
0,0
0,0
0,0
0,1
0,1
0,0
0,1
0,0
0,1
0,0
0,0
0,1
0,0
0,0
0,0
0,1
0,1
0,1
0,0
0,0
0,1
0,1
0,1
0,0
0,1
0,1
0,0
0,0
0,0
2500,1
0,1
0,1
0,1
0,0
0,0
0,0
0,0
0,1
0,0
0,0
0,1
0,0
0,1
0,0
0,1
0,1
0,0
0,1
0,0
0,0
0,1
0,1
0,0
0,1
0,0
1000,1
0,0
0,1
0,1
0,1
0,1
0,1
0,0
0,1
0,1
800,1
0,0
0,1
0,1
0,1
0,0
-400,1
-340,0
2000,1
1500,0
0,0
0,0
0,0
0,1
0,1
0,1
0,1
-500,0
0,1
0,1
0,0
200,1
0,1
0,1
0,0
0,1
0,1
0,1
0,0
0,1
0,0
-1300,0
0,0
0,0
500,0
0,1
0,0
0,1
2200,0
0,1
0,0
0,0
0,1
0,1
0,0
0,0
2250,0
270,1
0,0
0,1
0,0
0,1
0,0
0,1
0,1
0,0
0,0
0,0
0,1
0,1
0,0
0,1
0,0
0,1
1000,0
0,1
400,0
0,0
0,0
1600,0
0,1
0,1
0,1
7000,0
0,0
0,1
0,0
0,1
0,0
0,1
0,0
0,1
0,0
0,0
1560,0
0,0
0,1
0,1
0,0
300,0
200,0
0,1
0,1
0,1
0,1
0,0
0,1
0,0
0,1
0,0
0,1
0,0
0,0
0,1
0,0
0,0
500,1
0,0
0,0
0,1
0,0
0,1
-1100,1
0,0
0,0
0,0
500,1
0,1
370,0
0,1
0,0
0,1
0,1
0,0
0,1
0,0
0,1
0,1
0,0
-18000,1
0,1
0,0
0,1
0,0
0,0
1200,1
0,0
1200,1
0,1
0,1
0,0
0,1
-1184,1
0,1
0,0
0,0
0,0
0,0
0,1
0,0
0,0
0,1
0,1
0,0
0,1
0,1
0,1
0,0
0,0
0,0
0,0
-660,0
1200,1
0,0
0,0
0,0
0,1
0,0
0,0
0,1
0,0
-2000,1
600,0
0,1
0,1
0,1
0,0
0,1
2000,0
0,0
500,0
-400,0
130,1
0,0
0,1
0,1
400,1
0,1
0,1
0,0
0,0
0,1
0,0
0,1
0,1
0,0
0,0
0,1
0,0
0,0
0,1
150,1
-95,1
0,1
250,0
0,0
0,0
0,1
0,1
800,0
0,0
0,1
0,1
0,1
0,1
0,0
0,0
0,1
0,0
0,0
0,1
400,1
0,0
0,0
0,1
0,1
0,1
0,1
0,1
0,0
400,0
0,0
0,0
0,1
0,1
600,1
0,0
450,1
1200,1
0,1
0,0
0,1
0,1
0,1
0,0
0,0
0,1
0,1
0,1
0,1
0,0
0,1
400,0
-300,1
0,1
0,0
0,1
0,1
-1000,1
200,1
0,0
0,1
0,0
0,0
1600,1
-80,0
0,1
0,0
0,1
0,0
0,1
0,0
0,0
0,0
0,0
0,1
0,1
0,0
0,1
0,1
0,1
0,1
0,1
0,1
9500,1
0,0
0,0
0,1
0,1
8000,0
0,0
0,1
-2400,0
0,0
0,0
0,1
0,1
0,0
0,1
0,1
0,0
100,0
0,0
2100,0
0,0
0,1
0,0
0,0
0,1
200,0
1000,0
0,0
1920,0
1100,1
3000,1
0,1
500,0
0,0
0,0
0,1
0,0
900,0
0,0
0,1
0,0
0,1
-720,0
70,1
0,0
400,0
0,0
0,1
0,0
0,1
0,1
0,1
0,0
0,0
0,0
0,0
0,1
1959,0
0,1
0,0
700,1
0,1
0,1
0,1
0,1
700,1
0,1
0,1
0,1
0,1
0,1
0,1
0,1
0,0
0,0
0,0
0,0
0,1
200,1
0,0
400,1
0,1
0,1
0,1
0,0
0,1
0,1
0,1
-4200,0
1200,0
0,0
3500,0
0,0
1200,1
0,0
2000,1
0,1
0,1
0,1
0,1
0,0
0,0
300,0
0,0
0,0
500,1
5000,0
0,0
0,1
0,1
0,0
0,0
0,0
0,0
0,0
0,1
0,1
0,1
0,0
0,0
0,1
0,0
0,0
0,0
650,0
0,0
0,1
0,1
0,0
0,0
1800,0
700,1
0,0
0,0
0,0
400,1
0,1
0,1
0,1
0,0
800,0
0,1
0,0
0,1
5000,0
0,1
0,0
0,1
0,1
0,1
0,0
0,0
300,0
400,0
-2500,1
0,1
0,1
5500,1
0,1
0,1
0,1
0,1
0,1
0,1
0,1
0,1
0,1
0,0
0,0
0,1
1200,1
0,0
0,0
0,0
0,1
0,1
3000,1
0,0
0,1
0,0
0,0
0,0
0,1
0,0
-100,1
0,0
0,0
0,0
0,1
0,0
0,1
0,1
0,0
0,1
0,1
0,0
0,1
0,1
0,1
0,0
0,0
0,1
0,1
0,0
0,1
0,0
0,1
0,0
0,0
0,1
0,1
0,0
0,1
0,0
0,0
0,1
0,1
0,1
0,1
0,0
0,1
0,1
0,0
0,0
0,1
0,0
0,0
0,0
0,1
0,0
0,1
1600,1
2000,1
0,0
0,1
0,1
0,1
0,0
0,1
0,0
30000,0
0,0
0,0
0,0
0,1
0,0
0,1
200,0
0,0
0,1
0,1
0,0
-200,1
0,1
0,0
0,0
-800,0
0,1
30,0
0,0
0,0
0,0
0,0
0,0
0,0
0,0
0,0
-2000,0
0,1
0,1
0,0
0,1
0,0
750,1
0,1
1100,1
0,0
0,0
0,1
0,1
500,1
0,1
1800,1
0,0
0,0
0,1
0,0
0,1
0,1
0,0
0,1
0,0
0,1
1000,0
0,0
0,1
0,0
0,0
0,0
0,1
0,1
0,1
0,1
0,1
0,1
0,1
0,0
0,1
0,0
0,1
0,0
0,1
-1000,1
0,0
0,1
2915,0
0,0
300,1
1000,1
0,1
0,0
0,0
0,0
0,1
-600,0
7000,1
200,1
0,0
30000,1
0,0
-650,1
0,1
0,1
0,1
1500,0
500,0
5000,1
0,0
700,0
0,1
0,0
0,0
0,0
0,0
0,1
0,1
0,0
0,1
0,0
0,0
0,0
3000,1
0,0
300,1
0,0
500,0
0,0
0,1
0,1
0,0
0,0
800,1
0,1
-300,1
0,1
0,0
0,1
0,1
0,0
-3200,0
300,0
0,1
0,1
0,0
0,0
500,1
0,0
-2400,1
0,1
0,1
0,1
0,0
0,0
0,1
0,0
0,1
0,1
0,0
0,0
0,0
0,1
0,1
0,0
0,1
900,1
0,1
0,1
0,1
1700,0
0,1
0,1
0,1
0,1
0,1
0,1
0,0
0,0
-300,1
0,1
3000,1
0,0
0,1
0,0
280,1
0,1
0,1
0,1
0,0
0,0
0,1
0,1
2000,0
0,1
0,0
0,1
0,1
0,1
0,1
0,1
0,0
15600,1
0,1
0,1
0,1
0,1
0,1
0,1
0,1
0,1
0,0
0,1
0,0
0,0
2000,0
0,1
0,1
0,1
0,0
0,1
0,1
500,1
0,0
0,1
0,0
0,1
0,0
-1000,1
0,1
0,1
0,0
0,1
1000,0
0,1
0,1
0,1
0,1
0,0
0,0
0,1
0,0
0,0
0,1
0,1
0,0
0,0
0,1
0,1
0,0
0,0
0,0
0,1
0,0
0,1
0,0
100,1
0,0
0,0
0,1
0,1
0,1
0,1
0,0
0,0
0,0
0,0
0,1
0,0
-900,0
0,0
0,0
0,1
0,0
0,1
0,0
2000,0
0,1
0,0
0,1
0,1
0,1
0,1
0,0
0,0
0,1
0,0
0,0
0,0
0,1
0,0
0,0
0,1
0,0
0,0
0,1
0,0
0,0
0,0
0,0
0,0
0,1
0,0
0,0
0,0
0,1
0,0
0,0
0,1
0,1
0,0
0,0
400,1
0,0
0,1
0,1
0,0
0,1
0,0
0,1
0,1
0,1
0,0
0,1
0,1
0,0
0,0
0,0
0,1
0,1
0,0
0,0
0,1
0,1
0,0
12000,1
0,1
-500,0
0,0
0,0
0,0
0,0
0,0
0,0
0,1
0,0
0,1
0,0
0,0
0,0
2000,0
200,1
0,0
0,0
0,1
0,1
0,0
0,0
0,0
500,1
0,0
0,1
0,1
0,1
0,1
0,0
1500,1
0,1
0,0
0,0
0,1
0,1
2500,1
0,1
0,1
0,1
0,0
0,1
0,0
2000,0
0,1
0,0
0,0
0,0
0,0
0,1
0,1
0,1
0,0
0,1
0,0
1000,1
0,1
3000,1
0,0
0,1
0,0
0,1
1000,0
0,1
0,0
0,1
0,0
500,1
0,1
0,0
0,1
200,1
0,0
1200,0
0,0
0,0
0,0
0,0
500,0
0,1
0,1
0,1
0,1
0,1
0,1
0,1
0,1
0,1
15600,1
800,1
0,1
0,1
0,1
0,1
0,1
0,1
0,1
0,0
4000,1
0,0
500,1
0,0
0,0
0,0
0,1
0,0
0,0
0,0
0,0
0,0
0,1
0,1
0,1
0,1
1400,1
700,1
0,0
0,1
0,1
0,0
0,0
0,1
0,1
0,1
0,1
0,0
0,0
0,0
0,0
0,0
0,1
0,1
0,1
0,0
-2500,0
0,0
0,1
0,0
0,1
-200,1
0,0
0,1
0,1
0,0
0,1
0,1
0,0
0,1
500,1
0,0
0,1
0,1
1000,1
0,0
0,0
0,0
0,0
0,1
0,0
0,0
0,0
0,1
0,1
0,1
0,1
0,1
0,1
-200,1
0,0
0,0
0,1
0,0
0,1
0,0
1500,1
0,1
-500,0
0,1
1396,1
0,0
0,1
0,1
0,0
0,1
0,0
0,1
0,1
0,1
0,1
0,0
0,0
0,1
0,1
300,1
0,0
0,0
0,0
0,0
0,1
500,0
0,0
300,0
-500,1
0,0
0,1
0,0
0,1
3000,0
0,1
0,1
0,1
0,1
0,0
0,1
0,1
0,0
0,0
0,0
2900,1
0,0
0,0
0,1
0,0
0,1
0,1
0,0
0,1
0,1
0,1
0,0
0,0
500,0
0,1
0,1
600,0
0,0
0,0
0,0
0,1
0,1
0,1
720,0
600,1
-5000,1
0,0
0,1
0,1
0,1
0,1
0,0
0,1
0,0
0,1
-300,1
0,0
600,1
0,1
1000,0
0,0
0,1
0,1
0,0
0,0
0,0
0,0
0,0
0,0
10000,1
0,1
550,1
0,0
0,1
0,1
0,0
0,0
0,0
1500,0
0,1
0,1
1000,1
1000,0
0,1
7400,1
0,0
0,1
0,0
0,1
0,1
0,1
0,0
0,1
0,1
0,0
0,0
0,1
0,0
0,0
0,1
0,1
0,1
0,1
0,0
0,0
0,0
1500,0
0,0
0,1
0,1
0,1
0,0
0,0
0,0
0,1
0,1
0,1
0,1
0,1
0,0
0,0
0,0
0,0
0,0
0,0
0,0
0,0
0,0
0,1
0,1
0,0
3500,1
0,0
0,0
0,1
-1800,1
0,1
2800,0
0,0
0,0
0,0
0,1
800,1
0,1
-650,1
0,0
2000,1
0,1
0,1
0,1
0,0
0,1
-10,0
0,0
0,0
0,0
0,1
2500,1
0,1
0,0
-1000,0
0,0
0,1
0,1
0,0
0,0
0,1
0,1
0,0
0,0
0,1
0,0
200,0
0,0
0,0
0,1
0,0
1000,0
0,1
-800,0
0,0
0,0
-1000,1
0,1
0,1
500,0
0,1
0,1
1943,0
0,0
0,1
0,0
0,1
1400,0
0,0
0,1
0,1
0,0
0,0
0,1
0,0
0,1
0,1
0,1
0,1
0,1
0,1
0,0
0,0
50,1
0,0
0,0
0,1
0,1
0,0
0,0
0,1
0,1
0,0
0,1
0,0
0,0
0,0
0,0
2500,0
0,0
1200,0
0,0
0,1
0,0
0,0
0,0
0,0
0,0
0,1
0,1
0,1
0,0
0,0
0,0
0,1
0,0
0,1
0,1
0,1
1700,1
0,0
0,1
0,1
0,1
0,0
0,1
0,0
0,0
400,0
-3600,0
0,0
0,1
0,1
0,0
0,1
0,1
0,0
0,1
0,1
0,0
3000,1
0,0
0,0
0,1
0,0
0,1
-1500,1
0,0
0,0
0,0
0,1
0,0
0,1
0,1
0,0
0,0
1000,1
0,0
-600,1
0,0
0,1
0,1
0,1
0,1
0,0
0,0
0,1
0,1
0,1
0,0
0,1
0,0
0,0
0,0
0,0
0,1
1000,1
0,0
0,1
0,1
0,1
0,0
0,1
0,1
0,1
0,0
0,0
0,0
0,1
0,0
600,0
240,0
0,1
0,1
0,0
0,1
0,0
150,1
0,1
0,1
0,1
0,1
0,0
0,0
0,1
1000,0
0,0
0,1
0,1
-200,0
0,1
0,1
4000,0
0,1
0,0
0,1
0,0
1000,1
0,0
1000,1
600,0
0,1
0,1
0,1
0,1
0,1
0,0
0,1
0,1
0,1
0,1
0,1
0,1
0,1
0,1
0,0
0,1
0,0
0,1
0,0
0,1
0,1
0,1
5000,0
0,0
0,1
800,1
1000,0
2100,1
0,1
0,0
3000,1
0,0
0,0
0,0
150,1
0,0
0,1
0,0
0,0
0,0
0,1
0,1
1000,1
0,0
0,0
0,0
0,1
0,0
0,0
0,0
200,0
0,0
1000,0
0,1
0,1
0,1
0,0
0,1
0,1
0,1
0,0
0,1
0,0
0,0
0,0
100,1
0,0
0,0
0,1
0,1
0,1
600,0
600,0
0,0
0,1
0,0
0,0
0,0
0,1
0,0
0,0
2500,0
0,0
0,1
0,0
0,1
0,0
-1000,0
0,0
0,0
-2000,0
0,1
0,1
0,1
0,0
0,0
0,1
0,1
0,0
0,1
300,0
0,1
0,1
0,0
0,0
0,1
0,1
0,0
0,1
0,0
0,0
-3000,1
0,0
0,0
0,1
0,1
0,0
0,0
-960,1
0,0
0,0
0,0
0,1
0,1
0,1
0,1
0,0
0,0
0,0
0,0
0,1
0,0
0,0
0,0
0,1
0,1
0,1
-500,1
0,0
0,1
0,0
50,0
0,1
0,0
0,0
0,1
0,1
0,1
0,0
0,1
0,0
0,1
0,1
0,0
0,1
0,0
0,1
0,1
0,1
0,1
0,1
-33000,0
0,1
0,1
0,1
0,1
20,0
0,0
0,1
0,0
0,1
0,0
300,1
0,1
0,1
0,0
0,1
0,0
0,0
0,1
0,0
0,0
0,1
0,0
0,0
0,0
0,1
800,1
25000,1
0,1
0,0
0,1
0,1
0,1
0,0
-360,1
0,1
0,1
0,1
-100,0
0,0
0,0
0,1
0,0
0,1
0,1
1000,0
0,1
0,1
0,0
0,0
0,1
0,0
0,0
0,0
0,1
0,0
0,0
0,0
1000,0
0,1
-600,1
0,0
0,0
0,1
0,1
0,1
0,1
0,1
0,1
0,0
0,1
0,1
0,1
0,0
0,0
0,0
0,1
0,0
0,0
0,1
0,1
0,1
0,0
0,1
0,0
0,0
0,0
1800,0
0,0
950,0
0,0
800,1
0,1
0,1
0,0
0,0
900,1
300,1
0,1
0,1
0,0
0,0
0,1
0,1
0,1
0,0
0,0
0,0
0,0
0,0
1400,1
0,1
0,1
0,1
0,1
-1000,1
0,0
0,0
0,0
0,1
3750,1
0,0
0,1
2000,0
0,1
1100,1
0,0
0,0
0,1
0,0
0,0
0,1
2500,1
1000,0
0,1
0,1
0,1
0,1
0,1
0,0
100,1
1280,1
0,0
0,0
0,1
0,1
0,0
500,0
0,0
100,1
0,0
0,1
0,1
0,0
0,0
0,1
0,0
0,1
0,1
0,0
0,1
0,0
0,0
1750,0
0,1
0,1
0,0
0,0
0,0
0,0
-2000,0
0,1
200,1
600,1
0,0
0,0
0,0
0,1
0,1
0,1
0,1
500,1
300,0
0,1
0,1
0,0
0,0
0,1
0,1
0,1
0,0
0,1
0,1
0,0
0,1
0,1
0,1
0,0
0,0
100,0
0,1
0,1
0,0
500,1
0,1
200,1
0,0
0,1
0,1
0,1
-1400,0
0,0
0,0
0,1
0,1
0,0
0,0
60,1
0,1
0,0
0,0
-1000,1
0,1
0,1
0,0
500,1
0,0
300,0
0,1
300,0
0,0
3000,0
0,0
0,1
0,0
500,1
0,0
0,1
0,0
0,0
1000,1
0,1
-800,0
0,0
0,0
600,1
0,1
200,0
0,0
0,0
0,1
0,0
0,1
0,1
0,1
0,1
0,1
31200,1
0,0
150,1
0,0
0,0
0,0
0,1
0,1
0,1
0,1
0,0
0,1
0,0
0,1
0,0
900,1
0,0
0,1
0,0
0,1
0,0
400,1
0,1
0,1
0,1
700,1
0,1
0,1
400,1
0,1
0,1
300,1
500,1
540,0
0,1
880,0
0,1
0,1
0,0
0,1
0,0
-200,1
-1000,0
0,1
0,0
0,0
0,0
0,0
0,1
0,1
0,0
-700,0
0,0
0,0
0,0
0,1
1190,1
0,1
0,0
0,1
0,1
0,0
0,0
0,1
0,1
0,0
0,1
0,1
0,0
0,1
0,1
0,1
0,0
-1000,0
0,1
0,0
0,0
800,0
0,1
0,1
0,0
0,0
0,0
325,0
0,1
0,0
0,1
0,0
0,1
0,1
600,0
0,0
500,1
0,1
0,0
0,1
0,1
0,1
0,0
0,1
0,0
0,1
0,1
0,0
0,1
0,0
0,0
0,0
0,1
0,0
0,1
0,0
0,0
0,0
0,1
0,1
0,1
200,1
0,1
800,0
0,0
0,0
0,0
0,0
0,1
0,1
0,0
500,1
0,1
0,1
0,0
0,1
0,0
0,0
0,1
0,1
0,1
0,0
1000,1
0,1
0,1
0,0
800,0
0,1
300,1
0,1
-600,1
200,1
0,1
0,1
-3000,1
-2800,1
0,0
0,0
0,1
0,1
0,0
0,1
0,0
1000,1
0,0
0,1
0,0
0,0
1000,0
350,1
0,0
-1500,0
0,0
0,1
0,0
0,0
0,1
600,1
0,1
0,1
0,1
0,0
-600,1
0,1
0,0
0,0
0,0
0,1
0,0
0,1
500,1
0,1
0,1
0,0
0,1
0,0
0,0
0,0
0,1
0,0
0,0
0,0
0,0
0,1
-1200,1
0,0
0,0
600,0
0,1
400,0
0,1
0,0
0,1
0,0
0,0
0,0
0,0
0,1
0,1
0,1
0,1
0,0
300,1
0,1
0,0
0,1
0,1
0,0
0,1
0,0
1000,1
0,1
-400,1
0,0
0,0
0,1
0,0
0,1
0,1
0,0
0,0
0,1
0,0
0,0
500,0
2000,1
0,0
1500,0
-800,1
400,1
0,1
800,0
0,1
0,0
0,1
0,0
300,0
0,0
0,0
0,0
0,0
0,0
0,0
0,1
0,0
0,1
0,0
0,1
0,1
0,1
0,1
400,0
0,1
0,1
0,0
7500,1
0,1
0,1
0,1
0,0
0,1
0,0
0,0
0,1
0,1
3000,0
0,1
3400,0
0,0
0,0
0,0
0,0
0,1
0,0
0,1
0,1
0,1
0,1
0,0
0,1
0,0
0,0
0,1
0,0
0,0
10000,1
0,0
0,0
0,1
0,0
0,1
0,1
0,0
2800,1
500,0
0,0
0,0
0,0
0,1
0,0
0,0
0,0
500,0
200,1
0,0
0,1
0,1
0,0
0,1
0,1
0,1
0,0
0,1
0,1
0,1
0,1
0,1
0,1
0,0
0,1
0,1
0,1
0,1
0,1
0,1
0,0
0,1
0,1
0,1
0,1
0,0
0,1
0,0
0,1
0,0
0,1
0,1
0,1
0,0
0,1
0,1
0,1
0,1
0,0
-1800,1
0,0
0,0
700,0
0,1
0,0
1920,1
700,1
0,1
0,0
0,1
600,0
-800,0
0,0
0,0
0,0
0,1
300,1
0,1
0,1
0,0
0,0
0,1
0,1
0,1
0,1
0,1
0,1
0,1
200,1
0,0
0,0
0,1
0,0
0,0
0,0
2500,1
0,1
0,1
0,0
0,1
0,1
0,1
0,0
0,0
0,1
200,1
250,1
0,0
0,0
0,0
0,1
5000,1
0,1
0,1
0,0
0,1
0,1
0,1
0,0
0,0
0,0
-1000,1
0,1
0,0
0,0
-2000,0
0,1
0,0
0,0
0,0
0,0
0,0
0,0
0,0
1200,1
0,0
0,0
-2500,0
200,1
500,0
-100,1
-3700,1
0,0
0,1
50,0
0,1
0,1
0,0
0,1
-1030,1
0,0
-1000,0
0,0
0,1
0,1
0,1
0,0
0,0
0,1
0,1
0,0
0,1
0,1
0,1
0,0
0,0
0,0
0,0
0,1
0,1
0,1
2000,1
600,0
0,1
0,0
0,0
0,0
0,0
0,0
0,1
0,1
0,1
0,1
0,0
0,1
0,1
0,1
0,0
0,0
0,1
0,1
0,0
1500,1
0,1
1500,1
0,1
0,0
0,0
-100,1
0,0
-500,1
0,1
0,0
0,1
0,0
0,1
0,0
0,0
0,1
0,1
0,1
2000,0
0,1
198,0
0,0
1000,0
-5000,1
0,0
0,1
0,0
0,1
0,0
0,1
0,0
0,1
0,1
0,1
0,1
0,0
0,0
0,0
0,1
0,1
0,0
0,1
0,1
0,0
0,1
0,0
0,1
100,0
0,0
0,0
0,1
0,1
0,0
0,0
0,0
-500,1
0,1
0,1
420,0
0,0
0,0
0,0
0,1
-560,0
2000,1
600,1
0,1
0,0
300,1
0,1
0,1
0,0
-600,1
0,0
0,1
0,0
0,0
0,1
0,0
0,1
0,0
0,0
0,1
400,1
3500,0
0,1
0,0
0,0
0,1
0,0
2000,0
0,0
0,0
0,0
0,1
0,0
0,1
0,1
0,0
0,1
0,1
1500,1
200,1
0,0
0,1
0,0
-500,0
0,1
0,0
0,0
0,1
0,1
0,0
0,1
0,1
0,1
1500,1
0,1
0,1
0,0
0,0
0,0
0,1
300,0
0,0
1500,0
0,1
130,0
0,1
0,1
0,1
0,0
400,0
3000,0
500,0
0,0
0,1
0,1
0,1
0,0
0,0
250,1
0,0
0,1
0,0
0,1
200,1
0,1
0,0
20,1
0,1
0,1
0,1
0,1
0,0
0,0
1100,1
0,0
0,1
943,1
0,0
0,1
0,1
-100,1
0,0
0,0
0,0
0,1
0,0
0,1
0,0
2000,1
0,0
0,0
0,0
0,1
0,0
0,0
0,1
0,0
0,1
0,0
0,0
0,0
0,1
0,0
0,0
0,1
0,1
0,1
0,0
0,1
750,0
0,1
0,1
1540,1
0,0
0,1
0,1
0,0
0,0
0,0
0,0
800,0
0,0
0,1
-2500,0
0,1
0,1
0,0
0,1
0,0
0,0
0,0
0,0
0,0
0,1
0,0
0,1
0,0
0,0
0,1
2000,1
0,0
0,1
0,0
0,0
0,0
174,0
0,0
0,0
0,0
0,1
700,1
0,0
140,1
0,0
0,0
0,1
-500,0
0,0
-6000,0
0,1
0,1
0,1
-900,1
3000,0
0,1
0,0
0,1
0,1
0,1
170,0
0,0
0,1
0,0
1500,0
0,1
0,1
0,1
0,0
0,0
0,1
0,0
0,1
0,1
0,1
0,0
0,0
0,0
0,0
0,0
0,1
0,1
0,0
0,0
0,1
0,0
2500,1
0,0
-298,1
0,1
300,0
0,0
0,1
0,0
0,1
0,1
0,1
0,1
0,1
0,0
800,0
0,1
0,1
0,1
0,0
0,0
0,0
0,0
0,0
0,0
0,0
0,1
0,1
0,0
0,1
0,0
0,0
0,0
0,1
0,0
0,1
534,1
0,1
0,0
0,0
0,1
0,0
0,1
0,0
0,1
130,0
0,0
930,1
0,1
0,1
0,1
0,0
0,0
0,1
500,0
0,0
-3000,0
0,0
0,1
0,1
2000,1
0,0
0,0
0,0
0,1
0,0
0,1
0,1
0,0
0,0
3000,0
0,1
0,1
0,0
0,1
0,1
0,1
1400,0
0,1
0,0
0,0
0,0
0,1
0,1
0,0
0,0
0,1
0,0
0,0
0,1
0,0
1500,1
0,1
0,1
0,1
0,1
0,1
0,0
0,1
0,0
0,0
0,0
0,0
0,1
0,0
0,1
0,1
0,0
1150,0
0,0
200,1
0,1
0,1
1200,1
0,1
0,1
300,1
0,0
0,0
0,0
0,1
0,1
0,0
500,1
0,1
2400,1
0,0
-800,1
0,1
2000,1
0,0
-398000,1
0,0
0,1
0,0
0,0
10000,1
0,1
0,0
0,1
0,0
0,0
0,0
0,1
0,1
0,1
0,0
0,1
0,0
0,1
400,0
0,0
0,0
0,1
0,1
0,1
0,0
0,1
0,1
0,0
0,0
0,1
-12000,1
0,0
0,0
0,1
0,1
5000,1
0,1
0,0
0,0
0,1
0,1
0,1
0,0
0,0
0,1
0,1
0,1
0,1
0,0
0,0
0,0
0,0
0,1
0,1
500,0
1000,0
3000,0
0,1
0,0
0,0
0,1
0,1
0,1
0,0
0,0
0,1
0,1
22400,1
0,1
0,1
2000,0
0,1
0,1
0,0
600,1
-19000,1
0,1
-750,1
0,0
1500,0
0,1
0,0
3000,1
0,0
-500,0
0,0
0,0
0,1
200,1
0,1
0,1
0,1
0,0
4000,1
0,0
0,1
0,1
0,1
1000,1
2400,1
-300,0
800,1
0,0
0,0
0,1
1400,0
0,0
0,1
0,0
0,0
0,0
0,0
0,1
0,0
0,1
0,0
0,0
0,1
0,0
0,1
-4000,1
0,1
0,1
0,0
0,1
0,1
0,0
0,1
0,1
0,0
-200,0
0,0
0,0
0,0
0,1
0,0
0,0
0,0
0,1
0,0
300,1
0,0
0,1
0,1
0,0
0,1
0,1
0,0
0,1
1500,1
0,0
800,1
0,0
0,0
0,0
0,0
0,1
-300,0
0,1
0,0
300,0
0,1
0,1
0,1
0,0
0,1
0,1
0,1
0,0
0,1
0,1
0,0
3624,0
0,1
0,1
0,0
0,1
900,1
0,1
0,0
0,0
100,0
0,1
0,1
0,1
0,0
0,0
0,1
0,0
0,0
0,0
0,0
0,0
0,0
0,1
0,1
0,0
0,0
0,0
0,0
0,1
0,1
0,0
0,0
0,0
0,1
0,0
0,1
0,0
0,0
0,1
0,0
0,1
0,0
0,1
0,1
0,0
0,0
0,0
0,1
0,0
0,1
0,1
0,0
0,0
0,1
1000,1
0,1
0,0
0,1
0,1
0,1
0,0
0,0
0,1
-1200,1
0,0
0,0
0,0
0,0
0,1
4000,0
-500,0
0,1
0,1
0,1
0,1
0,0
0,1
0,0
0,0
0,0
100,1
0,0
0,1
0,1
0,0
0,1
0,1
0,1
0,1
0,1
0,0
0,0
1000,0
0,0
0,1
0,1
-14500,1
0,1
0,1
1300,1
0,0
0,1
0,1
0,0
0,1
0,1
0,0
0,0
0,0
0,1
0,1
0,1
0,0
-100,1
0,1
0,1
0,1
4000,1
0,0
1300,1
200,0
108,1
0,0
0,1
40,1
700,1
0,1
0,0
0,1
0,0
-700,1
0,0
0,1
0,1
0,0
0,0
0,0
0,1
0,0
0,0
0,0
0,1
200,1
0,1
1000,0
0,0
0,1
0,0
0,0
0,0
400,0
300,1
0,1
2000,1
0,0
0,0
0,1
0,0
-800,1
0,0
1100,1
0,1
0,1
0,0
0,0
0,0
0,0
0,1
0,0
0,0
0,0
600,0
300,0
0,1
0,1
0,1
0,0
0,0
0,0
0,1
0,1
0,1
0,1
0,1
0,1
250,1
0,1
0,0
0,1
0,0
550,1
1000,0
-90,0
0,0
0,1
0,0
0,0
0,1
0,1
0,0
0,1
0,1
0,1
0,1
0,1
0,1
0,1
0,1
0,0
0,0
0,1
-550,1
0,0
0,1
0,0
0,0
0,1
0,1
0,0
0,0
0,0
0,1
0,0
0,0
0,1
0,1
2000,1
0,0
0,1
0,1
0,0
0,1
0,1
0,0
0,0
0,1
0,1
0,1
0,0
0,0
0,1
0,1
0,0
0,0
0,0
0,1
0,0
0,0
0,1
910,1
0,0
0,0
0,1
0,0
0,1
0,1
0,1
0,1
0,1
0,1
200,1
300,1
0,1
0,0
-1200,0
0,1
0,0
1400,1
700,1
800,0
0,0
0,0
0,0
0,1
1100,0
-375,0
0,1
0,1
0,0
0,0
0,1
0,0
300,0
0,1
0,1
0,0
0,1
0,0
0,1
0,0
0,0
0,0
400,0
0,0
0,1
0,0
0,1
0,1
0,0
320,1
0,1
0,0
0,1
0,0
0,0
0,0
0,0
0,0
0,1
-55,1
0,1
-400,1
0,0
0,1
0,0
0,0
0,0
0,1
600,1
0,0
0,0
0,1
1100,0
0,1
0,0
0,0
300,1
0,1
0,0
0,0
0,1
0,1
0,1
0,1
0,0
0,0
1500,1
0,1
2200,0
0,0
0,1
96,1
150,0
0,1
0,0
0,1
0,1
0,1
0,1
0,1
0,1
0,1
0,1
0,1
0,1
0,0
0,0
0,1
0,0
0,0
0,1
0,0
0,0
170,1
0,1
0,1
0,1
0,0
0,1
0,0
0,1
0,0
0,0
226,0
0,0
0,0
2460,1
0,1
0,1
0,0
0,0
0,0
0,0
0,0
0,1
0,0
0,0
0,0
0,0
400,1
0,1
0,1
2000,1
0,1
0,1
0,1
0,0
0,1
0,1
0,0
0,1
0,1
0,0
600,1
0,0
180,0
0,1
0,1
800,0
0,1
0,0
0,1
0,0
1800,1
450,0
0,0
0,0
0,0
0,1
0,0
0,1
0,1
0,1
0,1
0,0
3000,1
0,0
0,0
0,1
0,0
-11280,1
0,1
0,0
0,0
0,1
0,1
0,0
0,0
0,0
3500,1
0,0
2000,1
1000,0
0,1
0,0
0,1
0,1
0,0
1000,0
0,0
0,0
0,1
0,0
0,0
0,1
400,0
0,1
0,1
0,0
0,1
0,1
200,0
0,0
0,1
0,1
0,1
0,1
0,0
0,1
0,1
0,0
0,0
0,0
0,0
0,0
0,0
0,0
0,0
0,1
0,0
0,0
0,0
0,0
0,1
0,1
0,1
0,1
0,0
0,0
0,0
0,1
0,1
0,1
0,0
0,1
0,1
0,0
0,0
0,1
2000,1
-1000,1
0,1
0,0
-2500,0
0,0
0,1
0,0
0,0
0,1
0,1
0,1
0,0
0,1
0,0
0,0
0,0
600,1
2000,0
0,0
0,0
0,0
0,0
0,1
3000,0
0,0
1300,1
300,0
0,0
0,0
0,0
2000,0
1500,1
0,0
0,0
0,1
0,0
0,1
0,0
0,1
0,0
-200,1
0,0
400,0
0,1
2000,1
0,0
0,1
0,1
0,1
0,0
0,0
0,0
0,0
0,0
0,0
0,1
0,0
0,0
0,0
0,0
0,1
0,1
0,1
0,1
0,1
0,0
0,1
-200,0
0,1
0,0
600,1
0,1
0,0
0,0
0,0
0,0
0,1
1500,1
0,0
0,1
0,0
0,0
0,0
0,0
0,1
0,1
600,1
0,0
0,0
0,1
0,1
0,0
0,1
0,1
0,1
0,0
800,1
0,0
0,0
0,0
0,0
0,0
0,0
3000,0
0,1
-3000,1
0,1
0,1
0,0
0,0
0,0
200,1
0,1
0,0
0,0
0,0
0,1
0,0
0,1
-600,1
0,0
0,1
0,0
1500,1
0,1
0,0
0,0
0,1
0,1
0,0
0,1
0,0
0,0
0,0
0,1
0,0
0,0
600,1
0,1
0,0
0,1
0,0
0,1
0,1
0,1
0,0
0,1
0,1
0,0
0,0
0,0
0,1
2700,1
0,1
0,1
0,0
0,0
0,0
0,1
0,0
0,0
0,0
0,1
100,0
1500,0
0,1
0,0
0,1
-4000,0
-1500,0
500,1
0,1
0,1
0,1
0,1
-1400,0
-200,0
0,0
800,1
0,1
0,0
0,0
0,1
400,0
0,1
-400,1
0,0
0,1
0,0
0,0
0,0
0,1
200,1
0,1
0,0
0,0
0,0
0,0
0,0
0,0
0,0
1000,0
35000,0
0,1
0,0
0,0
0,1
0,0
0,0
0,1
0,1
0,1
0,1
0,0
800,0
0,0
0,1
700,1
0,1
1100,1
0,0
0,0
2000,0
-480,0
0,0
0,0
0,0
0,1
0,0
0,0
0,0
-1000,0
0,1
0,0
0,0
0,0
-500,1
0,0
0,1
0,1
0,1
0,1
0,1
0,0
0,0
0,1
0,0
780,0
0,1
0,1
0,1
0,0
600,0
0,0
0,1
0,0
0,1
200,1
0,1
0,1
-1400,0
0,1
200,1
0,1
0,0
0,0
1500,1
0,0
0,0
0,1
0,0
-500,1
0,1
0,1
0,0
20,1
0,1
0,1
0,0
0,1
0,1
600,0
0,1
0,1
0,0
-500,0
0,0
0,0
0,1
0,0
0,1
400,0
0,0
0,1
0,0
0,1
0,1
0,1
0,1
0,1
800,0
0,1
0,1
0,0
0,1
0,0
0,1
0,1
350,1
0,1
0,1
-1000,1
400,1
0,1
0,0
461,0
2000,0
0,0
0,0
500,1
300,1
0,1
-2000,1
0,1
500,1
0,0
0,1
0,1
0,1
0,0
0,0
0,1
0,1
0,0
1000,1
0,0
0,1
0,1
600,0
0,1
0,1
0,0
0,1
2000,1
-200,0
0,0
0,1
1400,0
0,0
47000,1
0,0
0,0
0,1
0,1
0,1
0,1
0,1
100,1
0,0
0,0
0,0
-600,1
0,0
0,0
0,1
0,0
0,0
0,1
0,0
0,1
100,1
700,1
700,0
0,0
0,1
0,1
0,1
0,0
0,1
-700,1
0,1
0,1
0,0
0,0
1600,1
600,1
0,1
0,0
180,1
0,1
0,0
0,0
-3000,1
0,1
-4000,0
0,1
0,1
0,0
500,1
0,1
0,1
0,1
-1000,0
0,0
0,0
0,0
0,0
0,1
0,1
0,0
0,1
0,1
8000,1
0,1
200,0
0,0
550,1
1150,0
0,1
0,1
0,0
-200,1
0,1
30,0
0,1
1500,1
0,1
0,1
-11050,1
0,0
0,0
0,1
0,1
0,1
0,0
0,1
0,0
-4000,0
0,1
650,0
0,0
0,1
0,0
0,1
0,0
0,0
0,0
350,0
0,1
0,0
0,0
0,1
0,0
0,1
0,1
0,1
0,1
0,1
0,0
0,0
0,1
0,1
0,0
500,0
0,0
0,1
0,0
0,0
0,0
0,1
0,1
0,1
1000,1
0,0
0,0
0,1
0,1
0,1
-1000,1
0,1
0,1
0,0
0,1
0,0
0,0
0,1
0,1
0,0
0,1
-100,1
0,0
0,0
0,0
0,1
0,0
0,0
0,1
0,1
0,1
0,0
0,1
0,1
0,1
0,1
0,1
0,0
0,1
0,0
0,1
0,0
2000,1
0,1
0,1
0,0
0,0
0,0
0,1
200,1
0,0
0,1
0,0
0,0
0,0
0,0
0,0
0,0
0,1
0,1
1000,1
0,0
0,0
0,0
0,1
0,1
0,0
0,0
2000,1
0,1
0,1
0,0
0,0
0,1
0,0
0,1
0,1
0,1
0,1
200,1
0,0
0,0
0,1
0,1
0,0
0,0
0,1
0,1
0,0
0,1
0,0
0,0
0,1
0,1
2000,0
600,0
0,1
0,0
0,1
0,0
0,0
0,1
0,1
0,0
0,0
0,1
45,0
0,0
0,1
0,1
0,1
0,0
0,0
0,0
0,0
0,0
0,1
0,1
0,1
0,1
0,1
0,1
0,0
0,1
0,0
0,1
0,1
0,1
0,1
0,1
0,1
0,1
1200,0
0,1
0,0
0,0
0,1
0,1
0,0
3000,0
0,1
0,1
0,1
2000,1
0,0
0,1
0,1
0,1
0,1
0,1
0,0
5000,0
0,1
0,0
0,1
0,1
0,0
0,0
0,1
0,1
0,0
120,1
0,0
120,0
0,1
0,1
0,0
0,0
0,1
0,0
700,1
0,0
0,0
2000,1
0,1
0,0
0,1
0,0
800,1
0,1
0,1
0,1
0,0
0,0
0,1
0,0
0,1
-400,0
0,1
0,0
0,0
0,0
0,1
-1000,0
0,0
0,0
0,1
0,1
0,1
0,1
0,0
0,1
0,0
0,1
0,1
0,1
0,0
4000,0
350,0
1363,0
0,1
0,1
0,1
0,1
0,0
-300,1
0,1
0,1
0,0
0,1
0,1
0,1
0,0
0,1
0,1
0,1
-2750,0
0,0
0,0
0,0
0,1
0,1
0,1
0,1
0,1
0,1
0,0
300,0
0,0
0,0
0,0
0,1
0,1
0,1
700,0
0,1
0,1
1500,0
0,0
0,1
0,0
0,1
0,0
0,1
0,1
550,1
-5500,0
0,1
0,1
0,0
5000,1
0,1
0,0
0,1
0,0
1500,1
0,1
0,1
0,1
0,1
0,0
0,0
0,1
0,0
0,0
0,1
0,0
0,1
0,0
800,0
0,1
0,0
0,1
200,1
880,1
0,1
0,1
250,1
0,0
250,0
-900,1
500,0
0,0
2800,1
0,1
0,1
0,0
0,0
200,1
840,0
0,0
0,0
0,1
-2000,1
0,0
450,0
0,0
0,1
0,1
0,1
0,1
5000,1
0,0
0,0
0,1
0,1
0,0
0,1
780,0
0,0
0,1
0,1
0,1
0,1
0,0
0,0
0,1
0,1
1746,1
0,0
0,0
100,1
0,1
0,1
0,0
0,1
0,0
0,0
0,1
0,1
0,1
0,1
0,1
4200,1
0,1
0,0
0,0
0,1
1000,0
0,0
0,0
500,0
500,0
0,1
0,1
0,1
0,0
0,1
0,0
0,0
0,1
-700,0
1000,1
0,0
0,0
0,0
0,0
0,1
0,1
0,0
0,0
0,0
0,1
0,0
0,0
0,1
0,0
0,0
0,0
0,1
0,1
0,1
0,0
0,0
0,0
500,0
0,0
900,0
0,0
1300,1
0,0
0,0
0,1
0,1
-3000,0
0,0
0,1
0,1
0,0
0,0
0,1
0,0
100,1
0,1
0,0
0,0
4800,0
0,1
0,1
-200,1
0,1
0,0
0,1
0,0
0,1
0,0
0,1
-400,0
0,0
0,1
0,0
0,1
0,1
0,0
0,0
0,0
0,1
0,1
0,1
-200,0
0,0
253,1
0,0
1000,0
0,0
0,1
1000,1
0,0
1400,0
0,0
0,0
0,0
0,1
0,0
0,1
0,0
0,1
0,1
0,1
0,0
500,0
0,1
0,0
0,1
0,1
0,0
0,0
-200,0
50,0
0,1
0,0
0,0
100,0
0,0
0,0
0,1
0,0
0,0
0,0
0,0
0,1
0,1
550,0
2700,1
0,1
0,1
0,0
1600,1
0,1
0,1
0,1
0,1
-2000,1
0,1
0,1
0,0
600,1
0,0
100,0
0,0
0,1
0,1
1000,1
0,1
-500,1
0,0
-6000,0
0,0
0,0
0,0
0,0
0,0
0,1
0,0
0,1
-850,1
1000,0
400,1
0,0
0,1
0,1
0,1
300,0
0,1
0,0
600,0
0,0
0,1
6000,1
0,0
0,0
0,0
-1600,0
0,0
0,1
0,0
0,1
0,0
0,0
1300,0
0,1
600,1
0,0
-1000,0
0,1
0,1
0,0
0,0
0,0
0,0
0,1
0,1
0,0
0,1
1200,0
0,0
0,0
0,0
1200,0
0,1
0,0
0,0
0,0
0,0
0,1
0,1
0,1
0,1
0,1
0,1
-2000,0
0,1
0,1
0,1
0,1
0,0
0,1
0,1
900,0
0,0
0,0
0,0
0,1
0,1
0,0
0,0
-1000,0
0,0
0,1
0,0
200,1
0,0
0,1
0,1
0,1
0,1
0,1
0,1
0,1
0,1
0,1
0,1
0,1
0,0
0,1
15000,1
0,1
0,0
0,0
0,1
500,1
0,1
0,0
0,0
0,0
0,1
0,1
0,1
0,1
0,0
0,0
800,1
0,1
0,0
0,0
0,0
0,0
0,1
-10000,1
0,0
0,1
0,1
0,0
0,1
0,1
0,1
0,1
0,1
0,0
0,1
0,1
0,1
0,1
0,1
0,0
0,0
283,0
0,1
0,0
0,0
0,0
0,0
-11000,1
0,0
0,1
0,1
6200,1
0,0
0,1
0,1
0,1
0,1
0,1
0,1
0,1
0,0
0,0
3800,1
2400,0
0,1
0,0
22000,0
0,1
0,0
0,1
1000,0
500,0
0,1
0,1
0,0
0,1
0,0
0,0
0,0
1000,1
0,1
0,1
0,0
0,1
0,0
0,0
0,0
0,1
0,0
0,1
0,0
0,0
0,0
0,0
0,1
0,0
0,0
0,1
1000,0
0,0
0,1
0,1
-4400,0
1250,0
0,0
450,0
600,1
0,1
300,1
700,1
0,1
0,0
1000,0
0,1
0,0
0,0
0,1
0,1
0,0
0,0
0,1
0,1
0,1
0,1
0,1
0,0
0,1
600,1
0,1
0,1
0,0
0,1
0,1
1100,0
0,1
1500,1
0,0
0,0
0,1
240,0
0,1
0,1
0,0
0,1
0,1
0,0
0,0
900,1
0,0
800,0
-11000,0
0,1
0,0
469,0
0,1
0,1
0,0
0,1
0,1
0,0
0,0
0,1
0,1
0,0
0,0
0,0
0,1
0,1
0,1
0,1
0,0
0,1
0,1
0,0
0,0
0,0
0,0
0,0
0,0
0,1
0,1
0,0
0,0
0,1
0,0
0,0
0,1
0,0
0,0
0,1
0,1
0,0
-800,0
0,0
0,0
0,0
0,0
0,0
0,1
0,0
0,1
0,0
0,0
0,1
700,1
100,0
0,1
0,1
0,1
0,0
1000,1
0,0
0,1
0,0
0,1
0,1
0,1
0,0
0,0
1700,0
0,0
0,0
6000,1
0,0
0,0
0,0
0,0
0,1
0,0
0,1
0,0
0,0
0,1
2500,0
1200,1
0,0
0,1
0,0
0,1
0,0
0,0
0,0
0,1
700,0
-400,1
0,0
0,1
5000,1
1000,0
0,1
0,0
0,0
0,0
0,0
0,1
0,1
0,1
0,0
0,1
700,1
0,0
0,0
0,1
0,0
0,0
0,0
50,1
0,1
0,1
300,0
4500,1
820,0
0,0
0,1
0,1
0,1
0,0
300,1
800,1
0,1
0,0
0,0
200,1
0,1
0,0
0,0
0,0
0,1
0,0
0,1
0,0
0,0
0,1
0,1
0,1
0,0
0,0
0,1
0,1
0,0
0,1
300,1
0,1
0,1
0,0
2000,1
0,0
0,0
0,1
300,0
0,0
0,1
0,1
0,0
0,1
0,1
0,0
0,0
0,1
0,0
0,0
0,1
0,0
0,1
3600,1
1000,1
0,0
-1200,0
0,0
-1300,0
0,1
0,0
0,0
-500,0
0,0
0,1
0,1
0,0
0,1
520,1
1000,1
0,0
5000,1
0,1
0,1
0,0
0,1
0,1
0,1
0,0
0,0
0,0
0,1
0,0
0,1
0,0
0,0
0,1
0,0
0,0
0,0
0,1
0,1
0,0
0,0
0,1
0,0
0,0
0,1
0,0
0,0
0,0
700,0
0,1
0,0
0,0
0,1
0,1
0,0
0,1
0,0
0,1
0,0
0,1
0,0
0,1
0,0
800,1
0,1
0,1
0,1
0,0
0,1
0,1
150,0
0,0
0,1
-625,1
0,0
0,1
0,0
0,1
0,0
0,1
0,0
0,0
500,0
0,0
0,0
-4000,1
0,1
300,1
-1000,1
0,1
0,0
0,0
0,0
0,0
0,0
0,1
0,1
0,0
1200,0
0,1
0,0
0,1
0,1
0,0
1750,1
-3400,0
400,0
0,1
0,0
0,0
950,1
0,0
0,0
0,0
0,1
180,0
3300,1
0,1
1100,1
0,0
2000,0
0,1
0,0
0,0
-25,1
0,1
0,0
0,1
0,0
0,0
880,0
0,0
0,1
0,0
0,0
0,0
1800,0
0,1
0,1
0,0
0,1
0,1
0,0
0,0
0,0
0,0
1200,1
0,0
100,0
0,1
0,0
0,0
0,0
0,0
0,0
0,1
0,0
0,0
0,1
0,0
0,1
0,1
0,0
0,1
0,1
0,0
1500,1
0,1
0,0
0,0
0,0
-300,1
0,0
0,1
0,1
0,0
0,1
-600,1
0,1
0,1
0,0
0,0
0,1
0,1
0,1
0,0
0,0
0,1
0,1
0,1
8800,1
0,1
0,1
0,1
0,0
0,0
382,1
0,1
-1000,1
-1000,0
0,0
0,0
0,1
0,0
0,0
1100,0
0,1
0,0
0,0
0,0
0,0
0,0
0,0
-1000,0
0,1
0,0
0,0
0,0
0,1
0,1
0,0
0,0
0,0
0,0
0,1
0,1
0,1
0,0
-9800,0
-3600,0
0,0
100,1
0,1
0,1
0,1
0,1
0,1
1210,1
0,1
0,1
0,0
0,1
0,1
0,1
0,0
0,0
900,0
0,1
0,1
0,0
0,1
0,0
0,0
0,0
0,0
0,1
0,0
0,0
0,0
0,1
0,0
0,0
-700,1
0,1
800,1
1400,1
0,1
0,1
0,0
0,1
0,1
-200,0
0,1
0,1
0,0
0,0
0,0
0,1
0,1
0,0
0,1
0,1
0,0
1000,0
0,0
0,1
0,0
0,1
0,0
0,1
0,0
0,1
0,0
0,0
0,0
0,1
0,1
1600,1
0,1
500,1
0,0
0,0
0,1
0,1
0,0
0,0
0,1
0,1
0,0
-1600,1
0,0
0,1
0,1
0,1
1800,0
0,1
0,1
0,0
0,0
0,0
0,0
0,0
0,1
0,1
0,1
0,0
0,1
0,0
0,1
0,1
0,1
0,1
0,0
100,1
0,1
0,0
0,0
200,0
0,0
-1000,0
0,0
0,1
0,0
0,0
0,1
500,0
0,1
0,0
0,0
0,0
0,0
0,1
0,1
0,1
0,1
0,0
0,1
0,0
0,1
0,0
0,0
0,0
400,0
0,1
0,1
0,0
0,1
0,0
300,0
0,0
0,1
0,1
0,1
0,1
1500,1
0,1
0,1
0,0
0,0
500,0
0,0
0,0
0,1
1900,1
0,0
600,0
20000,0
0,0
0,0
900,0
0,0
0,0
1500,1
0,1
0,1
0,1
0,0
0,1
0,0
0,0
0,1
0,0
0,0
0,1
0,0
-500,0
1500,0
500,0
0,0
0,0
0,1
0,1
0,1
0,0
-300,1
0,0
0,1
1500,1
0,1
0,0
0,0
0,1
0,0
0,0
69000,0
0,0
0,0
0,1
0,1
0,1
0,1
0,0
-200,1
0,0
-100,1
0,1
0,0
0,0
0,0
0,0
0,1
0,0
0,0
0,1
0,0
20,0
0,0
0,1
0,0
1400,0
0,1
0,0
0,0
0,0
0,1
0,1
0,0
0,0
-900,1
0,1
0,1
0,1
0,1
0,0
0,0
0,1
0,1
1000,0
0,0
0,0
0,0
-1000,0
0,0
0,1
0,1
0,1
660,0
2000,0
0,1
-2000,1
0,1
400,0
0,1
200,1
0,0
0,0
0,0
0,0
0,0
-100,0
0,0
600,1
0,1
300,0
0,1
0,0
0,1
0,0
0,0
0,0
0,1
0,1
0,1
0,1
0,0
2500,0
0,1
0,0
0,1
0,1
0,1
-200,0
0,1
0,0
0,1
0,1
0,1
0,0
0,1
-100,0
0,1
-300,0
800,0
300,1
0,0
0,0
0,0
0,0
-500,0
0,0
1700,1
0,1
0,1
0,0
0,0
0,1
0,1
0,0
0,1
6400,0
0,0
0,1
0,1
0,1
0,0
0,0
0,1
0,0
0,1
0,0
0,0
0,1
0,0
0,0
0,1
0,1
0,1
0,1
-500,1
0,1
0,0
0,1
0,1
0,1
0,1
200,0
0,0
0,1
0,1
0,1
0,0
-2000,1
0,1
0,0
800,0
500,1
400,1
0,1
0,0
0,1
0,0
0,1
0,1
0,1
0,1
0,0
0,0
0,0
0,1
0,1
0,0
0,1
0,0
0,0
0,1
0,1
0,0
0,1
0,0
-1000,1
150,1
500,1
0,1
0,1
0,1
0,1
0,0
0,1
0,1
2640,1
0,1
0,0
0,1
0,1
0,0
600,0
0,1
0,1
0,1
0,0
1000,0
-700,0
0,1
0,1
0,1
0,0
0,0
0,1
0,0
0,1
0,1
0,0
0,1
0,0
0,0
0,1
0,0
0,1
350,1
0,1
0,1
0,0
0,0
0,1
0,1
0,1
0,1
0,1
0,1
100,0
0,0
0,1
0,0
0,1
4000,0
600,1
0,0
0,1
0,0
1800,1
1700,1
0,0
0,0
0,1
0,1
0,0
-100,1
0,1
0,1
0,0
0,1
0,0
0,0
0,0
0,0
0,1
0,1
0,1
0,1
0,1
0,0
0,0
0,0
0,0
0,1
0,0
0,0
0,0
300,1
0,1
0,1
0,0
0,0
100,1
0,1
0,0
0,1
0,0
0,0
0,1
0,0
1300,1
500,1
0,0
0,0
1000,0
0,1
0,1
3000,0
0,0
0,0
0,1
0,0
0,0
0,1
0,1
0,0
0,1
0,0
0,1
0,1
0,1
0,0
0,0
0,0
0,1
0,1
0,1
0,0
-4800,1
0,0
0,0
0,1
0,0
0,1
0,0
-1600,0
400,1
0,1
0,1
0,0
0,1
600,1
0,0
0,0
0,1
0,1
0,0
0,1
0,0
0,1
-1000,1
0,1
0,0
0,0
2000,1
0,1
0,1
0,1
0,1
0,1
0,1
0,0
0,1
0,1
0,1
0,0
0,0
0,1
0,1
0,0
0,1
250,0
0,1
0,1
0,1
0,1
0,0
0,1
0,1
0,1
0,1
0,1
0,1
600,1
1700,0
500,1
0,0
0,1
0,0
0,0
0,0
0,0
0,0
0,1
0,1
0,1
0,1
0,0
0,0
120,1
0,0
100,1
0,1
1000,1
0,0
0,1
0,1
0,1
1000,1
0,1
700,1
0,1
0,0
0,0
0,0
0,0
0,0
0,1
0,0
0,1
100,1
-1200,0
0,1
0,1
0,0
0,1
0,1
1000,0
0,1
0,0
0,0
1400,0
0,0
0,0
200,0
0,1
-40000,1
0,1
0,1
0,1
0,1
-2000,1
0,1
0,1
0,0
0,0
0,0
0,0
0,0
-1500,1
0,0
0,1
-5298,0
0,1
0,1
0,0
0,0
0,1
0,0
0,0
0,0
0,0
300,0
0,1
4200,1
0,1
3000,0
0,1
0,0
0,1
0,1
0,1
0,0
0,1
0,1
0,0
0,1
0,1
360,0
0,0
0,1
0,1
0,1
-10000,0
0,0
60,0
0,0
0,0
70,0
0,0
0,1
0,1
0,1
0,1
0,1
0,1
0,0
800,0
0,0
0,0
500,0
0,1
0,1
0,0
0,0
0,0
0,0
0,1
0,0
0,1
0,0
600,0
0,1
0,0
0,0
0,0
0,0
0,1
0,0
0,1
0,1
0,1
0,0
0,1
0,0
0,1
0,1
8000,0
0,0
0,0
0,0
0,1
0,1
0,0
0,1
0,1
0,0
0,0
0,0
0,1
0,0
2260,1
0,0
0,0
0,1
0,0
0,1
0,0
0,1
4000,1
0,1
0,1
0,1
0,1
0,1
900,1
700,0
0,0
0,1
0,1
-1000,0
0,1
2000,0
2500,1
0,0
-1000,1
0,0
1200,0
2000,0
0,1
0,0
0,0
0,1
0,1
0,0
0,1
0,1
0,0
0,1
0,0
0,1
0,0
0,1
200,1
-170,1
0,0
0,0
0,1
0,0
0,1
0,1
0,0
0,1
0,1
0,0
0,1
500,0
0,0
0,1
600,0
1000,0
0,0
0,0
0,1
-120,1
1028,1
0,0
0,1
-200,1
0,1
0,1
0,0
0,0
0,0
0,1
0,0
-130,0
0,0
0,1
0,0
-4000,0
-1500,1
1300,0
0,1
0,1
-100,0
0,1
0,0
0,1
0,1
4200,0
0,1
-7000,0
0,0
0,0
0,0
0,1
0,0
0,0
0,0
0,1
1500,0
0,0
0,0
1300,0
0,0
0,1
0,1
870,0
1000,1
0,0
200,0
0,0
0,0
0,0
0,1
0,1
0,0
0,1
0,0
1500,0
0,0
0,1
200,0
0,0
0,1
0,0
300,0
-1970,0
0,0
0,1
0,0
0,1
0,0
0,1
0,1
0,0
0,0
0,0
500,1
700,1
0,1
0,1
0,0
0,0
0,1
0,0
0,1
0,0
0,1
0,1
0,0
0,1
0,1
0,1
1200,0
0,1
0,0
0,1
0,0
-8000,0
0,1
700,0
600,0
0,0
0,0
0,0
0,0
5000,1
0,0
0,1
4000,1
0,0
0,0
0,1
0,0
0,1
0,1
0,1
0,1
0,0
0,1
0,0
0,1
0,0
0,0
0,1
0,0
0,0
0,0
0,1
-800,0
0,1
500,1
0,0
-1900,0
0,0
500,1
0,1
0,0
1500,0
8000,1
-5000,0
0,0
0,0
0,1
0,1
0,0
4500,1
1000,0
0,1
0,0
0,0
0,0
750,1
-15000,1
0,0
0,0
0,0
0,0
0,1
0,0
0,1
0,1
1000,0
0,1
0,0
0,0
0,1
0,0
0,1
0,0
0,1
-1000,0
0,0
0,1
400,1
1500,0
0,0
0,1
1200,0
0,0
0,0
0,0
0,0
0,0
0,0
0,1
0,0
300,0
0,0
0,0
0,0
0,0
0,0
0,0
0,1
0,1
0,1
0,1
0,0
0,0
0,1
1500,1
950,0
0,0
0,1
0,0
2400,0
0,1
0,0
890,1
0,1
0,0
0,0
0,0
-100,1
0,0
0,1
0,1
900,1
0,0
0,1
0,0
0,1
0,1
0,0
0,1
600,1
0,1
0,1
300,0
0,1
-1500,1
0,0
0,1
0,1
0,0
-600,1
0,1
400,0
0,0
0,0
0,0
1200,1
0,0
0,0
0,0
0,0
0,0
0,1
0,1
0,0
0,0
0,0
0,1
0,1
0,1
50,0
1500,0
0,0
1200,0
0,1
0,1
0,1
0,0
0,0
0,1
0,0
0,0
0,0
-18000,0
0,1
0,1
0,1
800,0
0,1
0,0
0,0
0,1
0,1
0,1
0,0
0,1
0,0
0,1
-10000,1
800,1
0,1
0,1
500,0
0,0
0,0
0,1
0,1
0,1
0,1
0,0
0,0
0,0
0,1
1700,1
0,1
-2000,1
0,1
0,1
0,1
0,1
0,1
0,0
0,1
0,1
0,1
0,1
0,0
0,1
0,1
0,0
0,1
-700,1
300,0
0,0
0,1
1140,0
0,0
0,0
0,1
0,0
0,0
0,1
0,1
0,1
0,0
0,1
0,0
0,1
0,1
1400,1
1900,0
0,1
0,1
0,0
0,1
370,1
0,1
0,1
600,0
0,1
0,1
0,1
753,0
0,1
0,1
0,0
0,0
0,1
0,0
0,1
0,1
0,1
-1500,0
0,0
0,1
0,0
0,1
0,1
0,1
0,1
0,1
300,0
0,0
0,0
500,1
0,1
0,0
-700,0
0,0
5000,0
0,0
-1500,1
0,1
0,0
0,0
0,0
0,1
1000,0
3000,1
0,0
0,0
0,1
0,1
0,0
0,0
0,0
0,0
0,0
0,1
0,1
0,0
0,0
0,1
0,1
0,0
0,1
0,0
0,0
0,0
0,1
0,0
0,1
0,0
1200,0
537,0
0,1
0,1
0,0
0,1
0,0
450,0
0,1
0,1
0,1
0,1
2100,0
0,1
0,0
-60,1
0,1
0,1
0,1
-481,1
0,0
0,1
0,0
0,1
4000,1
600,1
0,0
0,0
0,0
0,0
0,1
0,1
0,0
0,0
250,1
0,1
0,0
0,0
0,0
0,1
0,0
0,1
0,1
0,0
0,1
0,1
0,1
-1200,0
0,0
0,1
0,1
0,1
0,0
0,1
0,0
-8000,0
-800,0
0,0
0,0
0,1
0,1
0,0
0,0
1000,1
0,0
0,0
0,0
0,0
1000,0
0,1
250,0
0,0
0,1
1050,1
0,1
0,1
1500,1
0,1
0,0
0,0
0,0
0,1
0,1
0,0
0,1
0,1
0,1
-640,0
0,0
0,0
0,0
0,1
0,0
0,1
0,1
0,0
0,0
1500,0
0,1
0,1
240,0
0,1
0,0
0,0
0,0
0,1
0,1
0,0
0,1
0,0
0,1
0,0
0,0
0,1
0,1
0,1
0,1
0,0
0,0
200,1
0,1
0,0
0,1
-450,0
0,1
0,0
0,1
0,1
0,0
0,1
0,1
0,1
0,0
0,0
-400,0
-500,1
1116,0
0,1
0,0
0,0
0,0
200,1
-1300,0
0,0
0,0
0,0
1800,0
0,1
0,0
0,1
0,1
0,0
-3000,1
0,0
0,1
0,0
0,1
0,1
0,1
0,0
0,0
-300,0
0,1
0,1
0,0
0,0
0,0
0,1
0,0
0,1
0,1
0,1
0,1
0,0
0,0
0,0
0,0
170,0
0,1
0,1
0,0
0,0
0,1
0,0
0,0
0,1
0,0
0,1
0,0
1350,0
0,1
0,1
0,1
0,0
0,1
0,1
0,1
0,1
0,0
0,1
0,1
1100,0
50,0
0,1
1500,1
-700,0
0,0
1600,0
1000,1
0,0
0,1
0,1
0,1
0,0
0,1
-300,0
1500,1
0,0
0,1
0,0
0,0
0,0
0,1
0,1
0,0
0,0
0,0
0,0
47000,1
0,0
0,0
0,0
0,1
0,1
0,0
1000,1
0,0
0,0
0,1
-1500,0
0,1
0,0
0,0
1300,1
0,0
0,0
0,1
0,1
0,0
0,1
0,0
-200,1
0,1
0,0
0,1
0,1
0,1
0,1
2380,1
0,1
0,0
0,1
0,0
0,1
0,0
0,1
150,0
0,0
0,1
500,0
0,1
0,0
0,0
0,1
0,0
0,1
0,1
0,1
0,0
-1000,0
0,0
0,1
0,1
1006,1
0,1
0,1
0,0
900,0
0,1
0,1
0,1
800,1
720,0
300,0
0,1
0,0
0,1
0,1
0,1
0,1
0,1
0,1
0,1
0,1
0,0
0,0
0,0
0,1
0,0
0,0
0,1
1300,0
900,1
0,1
0,1
0,0
0,0
0,0
0,1
15000,0
0,1
0,1
0,0
1000,1
0,0
0,1
0,1
0,0
0,0
500,1
0,0
0,1
0,1
0,0
0,0
0,1
0,0
0,1
0,1
0,0
0,0
0,0
0,1
170,1
0,1
-800,0
0,1
0,1
0,1
0,0
700,1
0,1
0,0
0,1
-1000,0
0,0
0,1
0,1
600,0
0,1
0,1
0,0
0,1
0,1
0,1
0,1
0,0
0,1
-7000,1
600,0
0,1
0,0
0,1
0,1
0,0
0,0
0,1
0,0
0,1
0,1
-800,0
0,1
0,0
-500,0
1500,1
23000,1
1500,1
0,1
0,0
0,1
0,0
0,1
0,0
0,0
0,1
0,0
0,0
0,1
0,0
0,0
0,1
0,1
0,0
400,1
0,1
0,1
0,0
0,0
0,1
0,0
0,0
0,0
0,1
-500,1
0,1
0,0
1700,0
0,0
1000,1
0,0
0,0
0,0
0,1
0,0
0,0
0,1
0,1
400,1
-500,0
0,1
700,1
0,1
0,0
800,1
0,0
0,1
0,0
0,0
0,1
400,0
0,1
0,1
0,1
0,0
0,0
2000,0
0,0
0,0
18000,1
0,1
0,0
0,0
0,1
0,1
0,1
0,0
0,0
0,1
1700,1
0,1
0,1
1500,0
0,0
0,1
600,0
0,1
0,0
0,1
0,1
0,1
0,1
0,1
0,1
0,1
800,0
0,0
0,1
0,1
0,1
0,1
3500,1
0,0
0,1
5000,1
0,0
0,0
0,0
500,1
0,0
0,0
0,1
0,0
-100,1
0,0
1200,1
300,0
1730,0
300,0
900,0
-1000,1
0,1
0,0
0,0
0,1
0,0
0,1
0,0
0,0
0,1
0,1
0,1
0,1
0,0
0,1
1160,1
0,0
0,0
0,0
3000,1
0,0
0,1
0,0
450,1
0,1
0,0
0,0
0,1
0,0
0,1
0,0
0,1
0,0
0,0
0,0
0,1
0,1
0,0
0,1
0,0
2800,1
0,0
0,1
15000,1
0,0
0,1
0,0
0,1
0,1
120,0
0,1
0,0
0,1
0,1
0,1
0,1
0,0
0,1
0,1
0,1
200,1
0,0
0,1
0,0
0,0
0,0
0,1
0,0
0,0
0,1
0,0
300,1
0,1
0,1
0,0
0,0
0,1
0,0
0,1
0,0
0,0
0,1
0,1
0,0
0,0
0,1
0,0
879,1
-300,0
0,0
0,1
0,0
0,1
0,0
0,0
0,0
0,1
1000,0
0,0
100,1
0,1
0,1
0,1
0,1
0,1
5300,0
0,1
0,1
0,1
3000,0
0,1
1600,1
0,1
0,0
0,1
0,0
0,1
0,0
0,1
0,0
0,0
0,0
0,0
0,1
0,0
0,1
0,1
700,0
0,1
0,0
1600,1
0,0
0,0
0,1
0,0
-200,1
1000,0
0,1
0,1
1200,0
0,0
0,0
300,0
-2400,1
0,1
1700,0
0,1
0,1
0,1
0,1
0,0
0,1
0,1
0,1
0,1
0,1
2800,0
-300,0
0,0
0,0
0,0
0,1
4300,0
0,0
0,0
0,0
0,1
0,0
5000,0
0,0
0,1
400,1
0,0
0,0
0,1
0,0
0,0
0,1
0,0
0,1
0,1
0,0
0,0
-250,0
0,1
0,1
0,1
0,0
0,0
0,0
-200,0
0,0
0,0
0,0
0,1
-200,0
0,0
0,1
0,1
0,0
0,0
0,0
600,0
0,0
0,1
0,0
-7000,0
0,1
0,0
0,0
0,1
0,1
1098,1
0,0
0,0
6000,1
0,1
0,0
0,1
0,1
14000,0
0,1
0,0
0,0
0,0
0,0
0,1
0,0
0,1
1300,0
0,0
0,0
0,1
0,0
0,1
0,1
0,1
0,1
-400,0
0,0
0,1
0,1
0,1
0,1
0,0
0,0
0,1
0,1
0,0
0,1
0,0
0,0
0,0
-1400,0
3000,1
4500,0
0,1
120,0
10000,0
-200,0
0,1
0,0
0,1
0,1
0,1
0,0
0,0
300,0
0,0
0,0
0,0
1500,0
0,0
0,1
0,1
0,1
3000,1
0,1
200,0
0,0
5700,1
0,1
0,0
0,1
0,1
2000,1
0,1
-600,1
0,1
200,0
0,0
0,0
600,1
0,0
0,0
0,0
0,0
350,0
1500,1
7000,1
0,1
0,0
0,1
0,1
500,0
0,1
0,1
0,1
0,0
0,1
0,0
0,1
0,1
0,0
0,0
0,0
-500,0
0,0
600,0
0,1
0,0
0,1
0,0
400,0
0,1
0,1
0,1
0,0
0,0
0,0
0,1
0,1
1000,1
0,0
0,0
-3000,1
0,1
600,0
0,0
1800,0
0,0
0,0
0,0
0,1
0,1
-500,0
0,1
0,0
0,0
0,1
0,0
0,1
0,1
0,0
0,1
0,0
0,1
0,0
1500,0
0,0
0,0
450,1
0,1
0,1
0,1
0,1
0,1
0,0
2000,0
0,0
500,0
1000,1
0,1
3900,1
0,1
0,1
1130,1
1600,0
0,0
0,1
500,1
0,1
0,1
0,0
0,1
0,0
0,0
0,1
0,1
0,1
1000,1
1000,0
0,1
0,1
-1000,0
0,0
0,1
0,0
0,1
0,0
0,1
0,1
0,0
0,0
0,1
0,0
0,1
0,1
0,0
0,0
0,0
0,1
0,0
0,0
0,0
0,0
-2000,1
4500,0
0,0
0,1
0,1
0,1
0,0
0,0
0,0
0,0
3200,0
1500,1
0,0
500,0
0,1
380,1
0,0
-4800,1
0,0
0,1
0,0
900,0
0,1
0,0
0,0
0,0
0,1
0,0
0,0
0,1
0,1
800,0
1050,0
0,1
13600,0
0,1
0,1
0,1
0,1
0,1
0,0
0,0
0,1
0,0
0,1
0,0
0,1
0,1
0,0
0,1
0,0
0,1
0,1
0,0
0,0
0,1
0,0
0,0
500,1
0,1
0,0
0,1
0,1
0,1
0,1
0,1
0,0
0,1
0,1
0,1
0,0
0,0
0,0
600,1
0,1
0,1
0,1
0,0
0,0
0,0
0,0
-2000,0
0,1
0,1
0,1
0,0
0,0
0,0
100,0
0,0
0,1
0,1
0,0
0,1
0,0
-1000,1
0,0
0,1
0,1
200,0
0,0
0,0
0,0
0,0
0,0
0,0
0,0
0,1
0,1
0,1
50,1
0,1
0,1
0,0
2000,1
0,1
0,0
0,0
0,0
0,1
0,0
0,0
1200,1
0,1
0,0
0,0
0,1
0,1
0,0
0,1
0,1
0,0
0,0
0,1
-300,1
300,0
0,0
0,1
0,0
0,1
0,0
0,1
1500,1
0,1
0,0
0,1
0,0
0,1
0,0
0,0
-30,0
0,0
0,0
260,1
3000,1
0,0
0,1
0,1
0,0
0,1
0,0
0,1
0,0
0,1
300,1
0,1
0,1
-700,0
0,0
0,1
1600,1
0,1
0,1
0,0
450,0
168,1
0,0
0,1
0,0
0,1
0,0
0,0
0,0
0,0
2400,0
0,1
0,0
0,1
0,0
0,1
0,0
0,0
0,1
0,1
0,1
0,1
1200,1
0,0
0,1
0,1
0,1
0,1
0,1
0,1
0,1
4300,1
0,0
0,0
0,1
1200,1
0,1
1500,1
0,1
0,0
0,1
0,1
0,0
0,1
0,1
0,1
0,1
0,0
0,0
0,0
0,0
0,1
700,1
190,0
0,1
0,0
0,1
0,1
0,1
0,1
1000,1
-100,1
0,1
11000,0
0,0
0,1
0,1
0,0
0,1
0,0
0,1
0,0
0,1
0,1
0,0
0,1
0,0
0,0
0,1
1500,1
0,0
0,0
600,0
0,0
0,1
0,0
0,1
0,1
0,1
0,1
0,0
0,0
320,1
0,1
3000,1
0,1
0,0
0,1
1800,0
0,0
0,0
0,1
0,1
500,1
0,0
0,0
0,1
0,1
0,1
0,1
0,1
0,0
0,1
0,0
800,0
0,0
0,1
250,0
800,1
0,1
0,0
0,1
0,1
0,1
0,1
0,1
0,0
0,0
0,0
0,0
3000,0
0,1
0,1
3400,1
-150,0
0,1
0,1
0,1
0,0
0,0
1500,1
0,1
0,1
153,1
0,1
0,1
0,0
1000,1
0,0
0,0
0,0
0,0
0,1
0,0
0,0
0,0
0,1
-500,1
0,0
0,0
0,1
0,1
0,1
0,1
9500,0
0,1
0,1
0,0
0,1
-1000,1
0,0
0,0
0,0
0,1
0,1
0,0
0,1
0,0
500,0
0,0
0,1
0,0
0,1
0,1
-100,0
700,1
0,0
1400,1
0,0
0,0
0,1
0,1
0,1
0,0
0,0
0,0
0,0
2000,1
0,1
0,0
0,1
0,0
0,1
-300,0
0,1
0,1
0,1
2200,1
-150,0
200,1
0,0
-15000,0
0,0
0,0
0,1
1000,0
0,0
0,1
0,0
1000,1
0,1
0,1
0,0
0,0
0,1
0,1
0,0
0,0
0,0
0,1
0,1
0,1
0,0
0,1
0,1
0,1
0,1
0,0
0,0
0,0
0,1
0,0
0,0
0,0
0,1
0,0
1200,0
0,1
0,1
0,0
0,1
0,1
0,1
0,1
1200,1
0,1
0,1
0,0
0,1
0,1
0,1
0,1
5,0
0,1
600,1
0,1
0,0
0,1
0,0
1000,1
1500,0
0,0
0,1
0,1
0,1
0,0
0,1
200,0
500,0
0,0
0,1
0,0
0,0
0,1
250,0
0,0
0,1
0,1
0,0
0,0
0,1
0,1
0,1
0,0
0,0
0,1
0,0
0,1
0,0
0,0
150,0
0,0
-700,1
0,1
0,1
0,1
0,0
0,0
0,1
0,0
500,0
0,1
0,0
230,0
0,1
0,1
0,0
0,0
100,0
0,1
0,0
0,0
0,0
0,0
0,0
0,0
200,0
0,1
0,1
0,0
0,1
0,1
0,1
0,1
0,1
0,0
0,0
500,0
0,0
0,0
0,1
300,0
0,1
0,1
0,1
0,0
-6000,0
0,1
-800,1
0,1
0,1
650,0
0,0
0,0
0,1
5000,0
0,0
0,0
0,0
0,1
0,1
0,1
0,0
0,0
-1200,1
200,1
0,0
0,1
0,0
0,1
0,0
0,1
0,0
0,0
0,1
0,0
300,1
0,1
0,0
0,0
-400,0
0,1
0,1
0,1
0,0
0,1
0,1
-500,0
0,1
2000,1
0,0
0,0
0,1
0,1
0,0
0,1
800,1
0,0
0,0
0,0
0,0
0,0
3000,1
0,0
0,0
0,1
0,0
0,0
0,1
0,1
0,1
0,0
0,1
0,1
100,1
0,0
0,1
0,1
0,0
0,1
0,1
0,1
0,1
0,0
0,0
0,1
0,1
0,1
1800,1
0,0
100,0
0,1
0,0
0,1
110,0
0,1
0,1
0,0
0,1
0,1
0,0
0,0
0,1
0,0
1200,1
800,0
0,1
0,0
0,1
0,0
1000,1
0,1
0,0
0,1
-200,1
0,0
0,0
0,1
0,1
-52,0
0,0
1800,1
0,1
3000,0
1200,0
500,1
0,0
0,0
0,1
0,0
0,0
0,0
0,0
0,0
0,1
0,1
2012,1
0,1
0,0
-500,1
0,1
0,0
0,1
300,1
0,1
0,1
0,1
0,1
0,1
0,1
790,0
0,1
-500,1
0,0
0,1
0,1
0,1
-6000,1
0,1
0,0
0,0
0,1
900,1
0,0
0,0
0,0
0,0
0,1
0,0
0,1
500,1
0,0
0,1
1800,1
200,1
0,1
0,1
0,0
0,1
0,0
0,0
0,1
0,1
-200,0
0,1
0,1
-150,1
0,1
0,1
0,1
2200,1
0,0
0,1
0,0
0,1
0,0
500,1
-400,1
0,1
0,0
0,0
0,1
0,0
0,1
0,0
0,0
0,1
5000,0
0,0
0,0
0,0
-2000,1
300,1
0,1
0,0
0,0
0,1
0,1
240,1
0,0
0,1
0,1
0,1
0,0
0,0
0,0
0,0
0,1
0,0
0,1
0,1
0,1
-1800,0
0,1
500,0
0,1
0,0
0,1
1000,1
0,0
0,0
0,0
0,1
500,1
0,1
0,0
0,0
-500,1
0,1
0,0
8822,1
0,1
0,0
0,0
0,0
0,0
0,1
0,0
0,1
0,0
0,1
0,1
600,0
0,0
0,1
0,1
-3000,0
0,0
300,0
0,1
700,0
0,0
-700,1
0,1
0,0
0,0
0,0
0,1
0,1
-500,1
0,0
2400,1
0,0
0,0
0,0
0,1
0,1
0,1
0,0
0,0
0,1
-184,1
0,0
0,1
0,1
0,0
1400,1
0,1
3180,1
260,0
0,1
0,0
0,1
610,1
0,0
0,0
0,1
0,1
1100,1
1000,0
0,0
0,0
0,1
0,1
23000,0
0,0
0,0
0,1
0,1
400,1
0,1
0,1
210,0
0,0
0,0
2850,0
400,1
0,0
0,1
100,0
1200,0
0,1
0,1
0,0
4000,1
0,1
0,0
0,1
0,0
0,1
0,0
0,1
0,0
0,1
0,0
0,0
0,0
0,1
0,0
0,1
0,1
0,1
0,1
0,1
800,1
0,0
0,0
0,0
600,0
0,0
0,0
0,0
0,0
0,0
0,0
0,0
0,0
0,1
0,1
150,1
0,0
0,1
0,1
0,1
0,0
0,1
0,0
0,1
0,0
300,1
0,0
0,0
0,1
0,0
-3000,1
0,1
0,1
0,0
0,0
0,1
0,0
200,0
300,0
0,0
0,1
0,0
0,0
0,0
0,0
0,1
0,1
0,0
0,1
0,0
0,1
0,0
0,0
0,0
0,1
3500,1
0,1
0,0
0,0
0,1
0,0
0,0
0,0
0,0
500,1
0,1
0,0
0,0
0,1
0,1
0,1
0,1
0,1
0,1
0,1
0,0
0,1
0,0
0,0
0,1
400,1
0,1
0,1
600,1
0,0
-6300,0
-400,1
-2000,1
200,1
0,1
0,0
0,0
0,1
0,1
0,0
0,0
0,1
0,1
0,0
1000,1
0,1
0,0
0,1
0,0
0,1
0,0
0,0
0,0
0,1
0,1
1060,0
0,1
0,0
0,1
0,1
0,0
0,1
0,0
0,0
0,1
0,0
0,0
0,1
0,0
1000,0
0,1
0,0
0,1
0,0
0,0
0,1
0,0
-500,0
0,0
0,0
0,1
0,0
0,0
0,1
0,1
3000,1
500,1
0,1
0,0
0,0
0,1
-200,0
0,0
0,1
0,1
0,0
1700,1
0,0
0,0
1000,1
0,0
0,1
0,1
0,0
0,1
0,0
0,0
0,0
400,0
0,0
0,0
0,0
0,1
2000,0
0,1
0,1
0,1
0,0
-1000,1
0,0
0,0
3000,1
0,0
0,1
0,0
0,1
0,0
0,0
0,1
0,1
0,1
0,0
0,0
0,0
0,0
0,1
0,1
0,0
0,0
0,0
500,1
200,1
0,0
0,1
300,1
0,1
0,0
0,1
0,1
0,0
0,0
0,0
-900,0
0,1
0,1
0,0
0,1
0,0
0,1
-300,0
400,1
0,1
0,1
0,0
0,1
2000,0
0,1
0,1
0,1
0,0
0,1
600,1
0,1
0,0
0,0
0,0
0,1
600,1
0,0
0,1
100,1
0,1
-33,1
0,0
0,1
0,0
0,0
0,0
500,1
0,1
0,1
1000,0
1800,0
80,1
0,0
0,1
1200,0
0,0
0,0
1200,1
0,1
0,1
350,1
0,0
0,1
0,0
0,1
0,0
0,0
0,0
2900,0
0,1
0,1
0,1
0,0
0,1
0,0
1300,1
0,1
0,1
0,0
800,0
0,0
0,1
0,1
-3000,1
0,0
0,1
0,0
3550,0
0,0
0,1
0,1
0,0
0,0
1000,1
0,0
400,0
0,1
1000,1
0,0
0,0
-1200,1
0,0
0,1
0,0
200,0
1000,1
0,0
0,1
200,1
100,1
0,0
0,0
0,1
0,0
0,1
0,0
0,1
0,1
-64000,1
0,1
0,0
0,0
0,0
0,1
0,0
0,0
0,1
0,1
-100,1
0,0
400,1
0,1
0,0
0,1
0,1
0,0
0,1
0,1
0,1
0,1
0,1
0,0
0,1
0,0
0,0
0,0
100,0
0,0
-6000,1
0,0
0,0
0,1
500,0
0,0
0,1
0,1
0,1
0,0
0,1
0,0
0,0
0,0
0,0
0,0
0,0
0,0
0,1
0,1
0,0
0,0
0,1
0,0
1340,1
-400,1
0,1
0,0
0,1
0,0
0,1
-1000,1
0,1
0,0
0,1
0,1
0,0
0,0
1000,1
0,1
0,0
0,1
4000,1
1500,1
0,1
0,1
0,1
0,1
0,1
0,0
0,0
0,0
0,0
0,1
0,1
0,0
0,1
0,1
0,1
0,0
0,1
0,1
1000,0
12800,0
0,0
1300,1
0,1
0,1
0,0
1000,0
0,0
0,0
0,0
400,0
0,1
0,1
0,0
0,1
0,0
-250,1
0,0
0,0
0,1
0,0
0,1
0,1
2100,1
0,1
0,0
0,0
1200,0
-86,0
0,1
0,1
0,1
200,0
0,0
0,1
0,0
-700,1
0,0
0,1
300,1
-1500,1
0,0
0,0
0,0
10000,1
0,1
500,1
2000,0
0,0
0,1
0,1
0,1
0,1
0,0
0,0
0,1
0,1
0,0
0,1
0,0
-500,1
0,1
0,1
0,1
0,0
100,0
8000,0
2500,1
0,1
0,0
7100,0
3000,0
0,0
0,1
0,1
0,1
0,0
0,0
1000,1
0,1
0,0
0,1
0,0
-6000,1
0,0
0,1
500,0
0,0
1000,1
0,0
0,1
0,1
0,1
0,1
0,0
0,1
0,0
0,1
0,1
0,1
0,0
400,0
0,0
0,1
0,0
0,0
0,0
0,1
0,0
0,1
1530,1
0,1
0,0
800,1
0,1
0,1
0,0
0,1
0,1
0,1
0,0
0,0
0,1
2000,0
0,1
0,0
0,1
2000,1
0,1
0,1
0,1
0,0
0,1
0,0
0,1
0,1
0,0
0,1
4500,0
0,0
0,0
0,1
2000,0
0,0
0,0
0,1
0,1
0,0
0,1
0,0
0,1
0,1
0,0
0,0
0,0
0,0
0,0
0,0
3000,0
0,1
-1500,0
0,0
0,0
0,1
0,1
0,0
0,0
0,1
0,1
0,1
-500,1
0,1
0,0
0,0
0,0
0,1
0,1
700,1
0,0
0,0
0,1
0,0
0,0
0,0
150,0
0,0
0,0
0,1
-40000,0
0,0
280,1
0,0
0,1
0,1
0,0
0,1
0,0
0,0
0,0
0,1
0,0
0,0
0,1
0,1
0,1
0,0
150,0
0,0
0,0
0,0
0,0
550,0
0,0
0,0
0,0
0,0
0,1
0,1
100,1
1000,0
0,0
0,1
0,0
0,0
0,1
0,1
0,1
0,1
0,0
0,1
700,1
0,1
630,0
200,0
0,0
0,0
0,1
0,0
0,1
0,1
0,0
-700,0
0,1
0,1
0,0
0,1
725,1
0,0
0,1
0,1
0,1
0,0
-300,0
0,0
0,1
0,0
0,0
0,0
0,0
0,1
0,1
0,0
0,0
0,1
0,0
0,1
0,1
334,1
0,0
1750,0
0,1
0,1
0,0
0,1
0,1
0,1
0,0
0,0
0,0
0,1
0,0
0,1
-4000,0
1250,1
0,0
0,1
0,1
0,0
0,1
0,0
0,1
0,0
0,0
0,0
4280,1
5500,0
0,1
0,0
0,1
0,0
-2800,1
0,1
0,1
0,1
0,1
0,0
0,0
-800,0
0,1
0,1
0,0
0,0
0,0
0,0
0,1
0,1
0,0
0,1
0,0
0,0
0,1
0,1
0,0
0,1
0,1
0,1
0,1
0,0
0,1
0,1
0,0
0,1
0,0
0,1
0,1
0,0
0,0
0,0
0,1
0,0
0,1
0,0
0,1
0,1
3100,1
0,1
0,0
300,1
400,1
0,0
0,1
0,1
0,0
0,0
0,0
0,0
0,1
0,0
0,0
0,1
0,0
0,0
7000,1
0,1
0,1
0,1
0,0
80,1
0,0
0,0
800,0
0,1
0,0
0,1
0,0
0,0
0,1
0,0
0,0
0,1
0,0
0,1
0,0
0,0
0,1
0,0
0,0
0,0
0,1
0,1
0,1
0,1
0,0
0,1
0,0
0,0
0,1
0,0
0,1
0,1
0,1
0,1
0,1
0,1
0,1
200,0
0,1
0,1
0,0
0,1
400,0
0,0
0,1
0,0
0,0
0,0
0,1
0,0
4000,1
0,0
0,0
0,0
0,1
0,1
0,1
0,0
800,1
0,0
0,1
0,1
-20,1
0,0
0,1
0,1
0,1
0,1
0,0
0,1
0,0
0,0
-50,1
0,0
0,0
0,0
0,0
0,0
0,0
0,1
0,0
0,1
0,0
0,1
0,1
0,0
-2000,0
0,1
1000,0
0,0
0,0
0,1
0,1
0,0
-4700,1
500,0
200,0
0,1
0,1
0,1
0,0
1200,1
0,1
0,1
0,0
0,1
0,1
0,0
0,1
1000,1
0,0
0,0
200,1
0,0
0,0
0,1
0,0
-410,1
0,0
0,0
300,1
0,0
0,1
0,1
0,1
0,1
0,0
0,1
0,0
0,0
0,1
0,0
0,1
0,1
0,0
0,1
0,1
0,1
0,0
0,1
0,1
0,0
0,1
7000,1
0,0
0,0
0,0
0,0
0,0
2000,1
0,1
0,1
0,1
0,1
540,0
0,0
0,0
0,0
0,1
0,0
500,0
0,1
0,0
0,1
0,0
0,0
950,1
0,0
0,1
0,0
0,1
3500,1
0,1
0,1
85,0
0,0
0,0
-300,0
0,1
0,0
0,1
0,1
0,0
0,0
0,1
7000,1
3000,1
0,0
2000,0
400,1
0,1
0,1
0,0
0,1
0,1
0,0
0,1
0,1
0,0
0,1
0,0
0,0
0,0
0,1
0,0
0,1
1000,0
0,1
0,1
0,1
400,1
0,1
0,1
250,1
1200,0
0,1
0,1
0,1
0,1
0,0
0,1
0,0
0,1
150,0
200,0
0,1
0,0
0,0
0,1
0,1
0,1
0,1
0,1
0,0
0,0
0,1
0,0
0,1
109,1
800,0
0,1
0,0
0,1
0,1
0,1
0,0
0,1
0,1
0,1
-1700,0
0,1
0,1
0,0
0,1
0,1
0,0
1000,1
0,1
0,1
3000,0
0,0
0,0
0,1
0,0
0,0
0,1
0,0
0,0
0,1
0,0
0,1
0,1
-50,1
0,0
0,0
0,1
0,0
-25180,1
0,0
0,1
0,0
0,0
0,0
0,1
0,0
0,0
0,1
0,1
0,0
-900,0
0,0
0,1
0,1
0,1
0,1
0,1
0,1
0,1
0,1
0,1
0,0
0,1
0,1
0,0
0,1
0,0
0,0
0,1
200,0
0,1
0,0
0,0
-1491,0
0,0
0,1
0,1
0,1
0,1
0,1
0,1
-600,1
-3000,1
0,0
0,0
0,0
0,0
0,1
0,1
0,1
0,0
0,1
0,1
0,0
0,0
180,0
0,1
0,1
0,0
0,1
0,1
0,0
0,0
1400,1
0,1
0,0
0,0
0,0
0,0
0,0
0,1
0,1
0,1
0,1
0,0
0,1
20,0
0,0
2150,0
0,1
120,0
0,0
0,1
500,0
0,1
100,1
0,1
300,0
0,1
0,0
0,0
0,0
0,0
0,1
0,1
0,1
0,0
0,1
0,0
0,0
0,1
0,0
0,0
0,0
0,0
0,0
0,0
500,0
0,0
0,1
0,1
0,0
0,0
0,0
-670,0
0,1
0,1
-300,1
0,0
0,0
0,0
2500,1
0,0
0,0
0,0
0,1
1000,0
-800,0
0,1
0,0
0,0
0,1
0,0
650,0
0,0
0,1
0,1
0,0
0,0
0,0
0,1
0,1
0,0
0,1
0,0
3000,0
2000,1
0,1
0,1
0,1
0,0
0,1
0,0
0,1
0,0
0,1
0,0
0,1
0,1
0,1
0,0
0,1
0,0
100,0
0,0
0,1
1200,1
0,1
0,0
0,1
800,0
0,1
0,1
0,0
0,0
1250,1
0,0
0,1
0,0
0,1
1600,1
0,0
0,0
0,1
0,1
0,0
0,0
-1000,1
0,1
0,0
-5000,1
0,1
0,0
0,0
0,0
0,0
-3000,0
0,0
0,0
0,1
0,0
0,1
0,1
0,1
1000,0
0,0
0,1
0,0
0,0
-900,0
0,0
0,0
0,0
0,1
400,1
0,1
0,1
0,0
0,1
0,0
0,0
0,0
0,1
654,0
0,0
0,0
600,1
0,0
0,1
0,1
0,0
0,0
0,1
0,0
0,1
0,0
0,1
0,0
300,0
209,1
6000,0
0,0
0,1
0,1
0,1
0,1
200,0
0,0
0,1
0,0
-300,0
0,1
0,0
0,1
-250,0
0,0
0,1
0,1
0,1
0,1
0,1
0,1
0,1
-300,1
0,1
0,0
0,0
0,1
0,0
1400,0
0,0
0,1
1000,1
0,1
0,1
0,1
0,1
2400,0
700,1
0,1
0,0
0,1
5500,1
0,1
0,1
0,1
0,0
0,0
0,1
0,1
0,1
0,0
0,1
0,0
0,1
0,1
0,0
0,0
0,1
0,1
0,0
1000,0
0,1
0,1
0,0
0,1
0,0
300,0
0,1
0,0
1500,1
200,1
0,0
-1600,0
0,0
0,1
0,1
0,1
0,1
0,0
0,0
0,1
0,1
0,0
0,1
0,0
0,0
0,1
0,1
2000,1
0,1
0,1
0,0
0,1
0,0
2000,0
0,1
0,0
0,0
0,1
1500,0
0,1
0,0
0,1
0,0
0,0
-46000,1
0,1
0,0
0,0
200,0
0,0
0,0
4000,0
-700,1
0,0
0,0
0,1
0,0
0,0
0,0
0,0
0,0
0,0
0,0
0,1
0,0
0,0
-800,1
0,1
0,1
0,1
0,0
0,1
0,1
0,1
1800,0
0,1
0,1
0,0
0,1
0,1
-70,0
400,1
0,0
3050,1
0,1
0,0
0,0
0,0
0,0
0,1
0,0
0,0
0,1
0,0
0,1
0,1
0,1
0,1
0,0
0,0
0,1
0,0
0,1
0,1
0,0
0,1
-100,0
-1000,0
0,1
0,1
0,1
900,1
0,0
0,0
0,0
0,0
800,1
0,0
0,1
0,1
0,0
0,1
2000,1
0,1
100,1
0,1
2200,1
140,0
0,0
0,1
0,0
2000,0
0,0
0,1
0,1
0,0
0,1
0,0
0,1
0,0
0,1
-1500,0
0,0
0,1
0,1
0,0
0,1
0,1
0,1
0,1
0,1
0,0
0,1
0,1
0,0
0,0
7500,0
0,1
0,1
1000,0
0,1
0,1
0,0
0,1
0,1
0,1
100,0
0,1
0,1
0,0
0,1
0,0
0,1
0,0
0,1
0,1
-3400,0
0,1
2000,0
0,1
0,0
0,1
800,0
2000,0
0,1
0,0
0,0
0,1
0,0
0,0
700,0
0,1
0,0
0,1
0,1
0,0
0,0
0,1
0,1
0,0
0,1
0,1
250,0
-1300,0
0,1
0,0
5000,1
0,1
0,0
0,1
0,1
0,1
0,1
0,0
0,0
100,1
0,1
0,1
0,0
0,1
0,0
0,0
0,0
0,1
-1200,1
0,0
0,0
0,1
0,1
0,0
0,1
0,0
0,1
2000,1
0,0
0,1
1000,0
0,0
1100,1
0,0
-1200,0
0,0
0,1
0,0
0,1
0,1
0,0
0,1
0,1
0,0
0,1
0,1
0,0
15000,1
0,1
0,1
0,0
0,1
0,0
0,1
0,0
0,0
0,0
0,0
0,1
0,1
0,0
0,1
0,0
0,1
0,1
-5000,0
2300,0
0,1
0,1
0,0
0,1
0,1
0,1
0,0
1000,0
0,0
0,0
0,0
0,0
0,0
0,0
0,0
0,1
0,0
1000,1
0,1
0,1
0,1
0,1
0,0
0,1
0,1
0,1
0,0
2000,0
700,0
0,0
0,0
0,1
230,0
0,1
0,1
0,1
0,0
200,1
0,1
1000,1
0,1
0,0
-2400,1
0,1
0,0
0,0
0,1
0,0
0,0
200,1
90,1
800,1
0,1
0,1
0,1
0,0
0,1
0,0
0,0
80,1
0,0
0,1
0,0
0,1
-300,1
0,0
0,0
600,1
0,1
0,1
0,0
0,0
0,0
0,1
0,1
0,1
0,1
0,1
0,0
0,0
-2200,1
0,1
0,0
0,0
0,1
0,0
0,0
0,1
0,0
7600,1
0,1
800,1
-250,1
0,1
0,1
0,0
0,0
0,0
0,0
0,0
0,0
0,0
0,0
0,1
0,0
0,0
0,1
0,1
500,1
0,1
400,1
-13000,1
0,1
0,1
0,0
0,1
0,1
0,1
0,0
0,0
0,1
0,0
0,0
0,0
0,1
500,0
0,1
0,1
0,1
0,0
0,0
0,1
0,1
5000,0
0,0
0,1
0,1
0,1
0,1
0,1
0,0
0,1
0,1
0,1
0,1
-500,0
0,0
0,0
0,1
-1400,0
0,1
0,0
0,0
0,1
0,1
0,1
0,1
-200,0
0,0
0,0
0,1
0,1
0,0
0,0
0,0
0,0
0,0
0,0
0,0
0,1
0,1
0,1
0,0
0,1
1500,1
0,0
0,0
0,1
0,1
0,1
0,0
8000,1
0,1
0,0
0,1
0,0
0,1
0,1
0,0
100,1
0,0
0,0
450,1
0,1
-700,0
0,0
2800,1
1100,0
0,0
0,1
-2000,1
0,0
0,1
0,0
0,1
0,0
0,0
0,1
700,0
-100,0
0,0
0,0
0,1
0,0
0,1
0,1
0,1
0,1
0,1
0,0
0,1
0,0
0,1
0,1
0,1
0,0
0,0
0,0
0,1
900,1
0,1
0,0
0,0
0,1
0,0
0,1
0,1
0,0
1400,1
-7000,0
0,0
-500,0
0,1
0,0
0,0
0,1
0,1
0,0
0,1
0,0
4600,1
0,1
0,1
0,1
0,0
0,1
1400,1
0,0
1030,1
0,1
0,1
0,0
0,0
0,0
0,0
0,0
0,1
0,1
0,0
0,0
0,1
0,1
0,1
1500,0
0,1
0,0
0,1
0,1
300,1
0,1
0,1
0,0
0,0
0,0
0,1
0,0
0,0
0,0
0,1
0,1
0,0
0,0
0,1
600,0
0,1
0,0
0,0
0,1
0,1
0,0
1500,1
0,0
500,0
0,0
0,1
0,1
0,0
0,0
2500,0
0,0
0,0
0,1
0,0
0,0
0,1
700,0
0,1
0,0
0,1
0,0
0,0
0,1
0,1
0,1
-2000,0
0,1
0,0
0,1
0,0
0,0
0,1
0,1
0,1
0,1
0,0
700,0
0,0
0,1
-1000,0
0,0
0,1
0,1
0,1
0,0
0,1
0,0
0,0
0,0
0,1
0,0
0,0
0,0
0,0
0,1
0,0
1400,0
150,0
0,1
0,1
0,1
0,0
0,0
0,0
-8000,1
0,1
0,1
0,1
0,1
0,1
0,0
300,0
0,0
0,1
0,0
0,0
-5500,0
0,1
0,0
0,0
0,0
100,0
900,1
0,1
0,0
0,0
0,0
0,0
0,1
0,1
0,0
0,0
0,0
0,0
0,0
0,0
0,1
-1200,0
0,0
500,1
0,0
0,1
0,0
0,0
0,0
0,0
270,1
0,1
0,1
0,1
0,0
0,0
0,0
150,1
0,1
0,1
0,1
0,0
0,0
0,0
0,1
0,1
300,1
0,0
0,0
0,1
1440,0
0,1
0,1
0,1
0,1
0,1
0,0
0,0
0,1
0,1
0,1
0,1
-7000,0
0,1
800,0
0,1
0,0
2000,1
0,1
0,1
0,1
0,1
0,0
0,1
0,0
350,1
0,1
0,1
0,0
0,0
0,1
0,0
0,1
700,1
0,0
0,0
-200,0
0,1
0,0
0,1
0,1
0,1
0,0
0,0
0,1
400,1
0,0
0,1
0,1
0,1
0,0
0,0
0,1
0,1
0,0
0,1
0,1
0,0
0,1
4000,1
0,0
0,0
0,0
0,0
0,1
1000,1
0,0
0,0
-2500,1
0,1
0,1
0,1
0,1
0,1
1650,0
0,0
0,0
0,0
0,1
0,0
0,0
0,1
700,0
0,0
0,1
0,0
17800,0
0,0
0,0
0,0
600,0
0,1
700,1
0,1
0,0
0,1
0,1
0,1
0,0
450,0
0,0
0,0
400,1
0,1
0,0
0,0
0,0
0,1
0,1
0,0
0,0
0,1
0,1
-2000,1
0,1
0,1
0,1
0,1
0,1
0,1
0,0
0,1
0,1
0,0
0,0
0,1
0,0
0,1
0,0
0,0
0,1
0,0
0,1
0,1
0,0
0,1
0,0
0,1
7300,1
0,0
0,0
0,0
700,1
0,0
0,1
0,1
0,0
0,1
0,1
600,0
0,1
0,1
0,1
7000,1
0,1
0,1
0,0
0,0
0,1
0,1
0,0
0,0
1500,1
0,0
0,0
0,1
0,0
800,0
100,1
0,0
0,1
0,1
0,0
800,1
0,0
0,1
0,1
0,1
0,1
0,0
0,1
0,0
0,1
0,1
0,1
0,0
0,1
0,1
0,1
0,0
0,0
0,0
0,0
0,1
0,1
0,1
0,1
0,0
200,1
0,1
0,0
7000,1
0,1
1500,0
1000,1
0,0
0,1
0,0
3800,1
0,0
0,1
0,1
500,0
0,1
1200,0
0,1
0,1
0,1
0,1
0,0
0,1
1000,1
0,0
0,1
1300,0
0,0
0,0
0,0
0,1
0,1
0,0
0,1
0,1
0,1
0,1
0,0
1300,0
600,0
0,0
0,0
0,0
0,0
0,0
0,0
0,1
0,0
0,0
1540,1
0,1
600,0
0,0
0,1
0,1
-200,0
2750,0
0,0
0,0
0,0
0,1
0,1
0,1
700,1
-6200,0
0,0
0,0
0,1
0,0
0,1
0,1
1240,0
0,1
5000,0
0,0
0,0
0,0
0,1
0,0
-170,0
0,1
0,1
0,1
0,0
0,0
1000,0
0,0
0,0
-400,0
-240,0
500,1
0,1
0,1
0,1
0,1
0,1
0,1
0,1
500,1
0,0
0,1
0,0
-1900,0
300,1
0,1
0,1
0,0
0,1
0,0
800,0
0,0
0,1
0,1
0,1
0,0
4000,1
0,0
0,0
0,0
0,0
0,1
0,1
0,0
0,0
0,1
0,1
0,1
0,1
0,1
0,0
0,1
0,1
400,0
0,1
500,0
0,0
0,1
0,0
0,0
0,1
0,1
0,1
0,0
0,0
100,1
0,0
0,0
0,1
0,1
0,1
0,1
0,1
0,1
0,0
0,1
0,1
0,1
0,1
0,1
0,0
0,1
0,1
0,0
0,0
0,1
0,1
0,1
0,0
0,1
0,1
0,0
7000,1
0,0
0,1
0,1
0,1
0,1
0,1
0,0
0,1
0,0
0,1
0,0
0,0
-300,1
0,0
0,1
0,0
0,1
0,1
0,0
0,0
0,0
0,1
0,0
0,0
0,0
0,1
0,1
0,0
0,0
0,0
1000,0
0,0
0,0
0,0
0,1
700,1
0,1
0,0
0,0
0,1
0,1
0,0
0,0
0,0
500,0
0,1
0,1
1300,0
0,1
0,1
0,0
0,1
0,0
0,1
0,0
0,0
0,1
0,1
0,0
0,0
0,0
0,0
1000,1
1000,1
8000,1
0,0
2500,1
0,1
0,0
0,1
0,1
0,1
1763,1
0,0
0,0
0,0
0,0
300,0
0,1
0,1
0,1
0,1
0,0
400,0
0,1
3000,1
0,1
1500,0
0,0
0,1
1000,1
0,0
0,1
0,1
0,0
0,0
0,0
0,1
0,0
0,0
0,0
0,1
0,1
0,0
0,0
0,0
0,1
0,0
1800,0
-1200,0
0,1
0,1
0,0
3600,0
0,0
0,1
0,0
0,1
0,0
0,0
0,0
0,1
0,1
0,0
0,0
0,1
-150,1
0,1
100,1
0,1
0,1
0,1
0,1
3000,0
0,0
0,1
0,1
0,1
0,1
0,0
1500,1
0,0
660,1
0,0
0,1
0,1
0,1
0,1
0,0
0,0
0,0
0,1
0,1
-1500,0
0,0
90,1
0,0
0,1
0,0
0,0
0,0
0,1
0,1
0,0
0,1
0,1
0,1
0,0
0,1
0,1
0,0
1200,0
0,1
0,1
0,1
0,1
0,1
0,0
0,0
1000,1
0,0
-200,1
0,0
0,1
-700,0
0,1
-2000,1
0,1
0,1
0,1
0,1
0,1
0,0
-200,0
500,0
0,1
0,1
0,1
0,0
-1500,1
-50,1
0,0
0,1
0,0
0,0
0,0
0,1
500,0
0,0
0,0
0,1
700,1
0,1
0,0
0,0
0,1
800,0
1000,0
0,1
2800,1
0,1
0,1
0,0
0,0
0,0
0,1
0,1
0,1
820,0
0,0
1000,0
200,0
0,0
0,0
0,0
0,0
0,0
-2000,1
0,0
0,0
-1600,1
0,0
0,0
0,1
0,1
700,1
0,0
800,0
0,1
0,1
0,0
0,1
0,0
0,1
0,0
0,1
0,0
0,1
1500,1
0,0
0,1
0,1
800,1
0,1
2000,1
-200,1
-1800,1
0,0
0,1
0,1
-40,1
400,0
0,1
0,0
0,1
0,0
0,1
0,0
0,1
0,1
1000,1
0,1
0,1
0,1
0,0
0,0
0,1
0,1
0,1
0,0
-7000,1
0,0
0,0
0,0
0,1
260,1
-900,1
0,0
0,1
0,1
0,0
600,1
1500,0
500,0
0,1
0,1
8000,0
0,1
0,0
0,1
0,1
0,0
0,0
0,0
0,0
0,1
0,1
0,0
100,0
0,1
0,1
0,1
0,0
0,0
0,1
800,0
0,0
0,0
1500,0
0,0
0,1
0,1
0,1
0,1
0,0
260,0
0,0
0,1
-2000,0
13000,1
0,0
0,0
0,0
0,1
0,1
0,0
0,0
0,1
-48,0
300,1
0,0
0,0
0,1
1400,1
0,1
0,1
0,1
0,1
0,0
0,0
400,0
0,1
0,0
0,1
0,0
0,1
0,0
0,0
0,1
0,1
0,0
0,0
0,0
0,0
0,0
0,1
0,1
0,1
0,1
0,0
1000,1
0,1
0,1
0,0
8000,1
0,1
0,0
0,1
0,1
0,0
0,1
0,1
0,1
0,1
0,1
350,1
0,1
0,1
0,0
0,0
0,1
0,1
-200,1
0,0
0,1
0,1
0,0
0,1
0,1
0,1
0,0
0,0
0,1
0,1
0,0
0,1
0,0
0,1
0,1
0,1
0,0
0,1
-1400,1
0,0
0,1
0,1
4000,0
0,0
0,1
0,0
0,0
0,0
600,0
600,1
0,0
0,1
0,1
0,0
0,0
0,1
0,1
0,1
0,0
700,0
0,1
0,0
0,1
0,0
0,1
0,1
145,0
0,1
0,0
0,1
0,0
0,1
0,1
0,1
-500,1
0,0
0,0
0,1
-2000,1
-300,0
0,0
0,1
0,0
-700,0
0,1
250,1
-700,0
0,0
0,0
0,0
0,1
0,1
0,0
0,1
0,1
0,0
0,1
0,0
300,1
-2000,0
0,0
0,0
0,1
0,0
800,0
0,0
0,1
0,0
0,1
0,1
0,1
0,1
0,1
0,1
0,1
0,0
0,1
0,0
0,0
0,1
0,1
0,0
-1000,0
0,0
130,1
0,0
0,0
0,1
0,0
0,0
0,1
0,1
0,1
0,1
0,0
0,0
0,0
0,1
2000,0
0,1
0,0
0,0
0,0
0,1
0,1
0,0
0,0
0,1
0,1
1000,1
0,1
0,0
0,0
0,0
0,1
0,1
0,1
0,1
0,1
0,0
0,0
0,0
0,1
0,1
0,1
0,0
0,0
0,1
0,1
0,0
-12900,1
0,1
0,1
0,1
-600,0
0,1
0,0
0,0
200,0
0,1
0,0
0,1
0,0
0,1
0,0
0,0
0,1
0,1
500,0
110,0
0,0
1000,0
0,0
0,0
0,1
0,1
0,0
0,1
0,1
400,1
100,0
0,0
0,0
0,1
0,0
0,1
0,0
0,0
-700,0
0,1
500,0
0,0
0,1
0,1
0,1
-3000,1
0,0
0,1
667,0
1400,1
0,1
0,0
-10,1
0,0
0,0
0,0
0,1
0,0
0,0
0,0
0,1
0,1
0,1
0,1
0,0
0,0
0,0
0,0
0,1
0,1
0,1
0,0
0,1
0,0
0,0
0,1
0,1
0,0
0,0
-1400,1
600,1
200,1
-2500,1
0,0
100,0
100,0
0,0
0,1
0,1
0,0
0,0
0,0
0,0
1000,0
0,1
0,1
0,1
-250,0
0,0
0,0
0,0
0,0
0,1
800,0
0,1
0,0
0,0
0,1
0,1
0,1
0,0
0,0
0,1
0,1
0,1
0,1
0,0
0,1
0,0
0,0
0,1
0,1
0,0
0,0
0,0
0,1
0,0
0,1
0,0
0,0
0,1
0,1
6000,0
0,0
0,0
0,1
-900,1
0,0
0,0
0,1
0,1
0,0
0,0
0,1
0,0
0,0
0,1
0,1
0,0
0,0
0,0
0,1
2300,1
0,1
0,0
0,1
0,0
300,0
1000,0
0,0
0,1
0,0
0,0
850,1
500,0
0,1
0,0
0,1
-500,0
420,0
0,1
0,0
0,1
0,0
0,0
0,0
1600,1
0,0
-400,1
0,1
0,0
0,0
0,1
0,0
0,1
0,0
0,0
500,0
0,0
0,1
0,0
0,0
860,0
0,0
-3080,1
0,1
0,1
0,1
0,1
0,1
0,1
-300,0
500,0
0,1
0,1
0,0
0,1
0,0
1000,1
300,1
200,0
0,1
0,1
1500,0
1600,1
0,1
0,0
160,0
0,1
1500,1
0,0
0,1
0,1
0,1
0,0
-600,0
0,0
0,0
0,1
0,1
0,0
0,1
2200,0
0,0
0,1
0,1
0,1
0,1
0,0
0,0
0,0
500,1
0,1
0,1
0,0
0,1
0,1
0,1
0,0
0,1
0,0
0,0
0,1
400,0
0,0
0,1
0,1
260,0
0,0
1110,0
540,1
500,0
0,1
0,0
0,1
5000,1
0,0
0,0
0,0
0,1
0,1
0,1
0,1
0,0
2600,1
0,1
0,0
0,1
0,0
0,0
0,1
0,1
0,0
0,0
-10000,0
0,1
-4000,1
0,0
0,0
0,1
500,1
0,1
0,1
0,0
0,0
0,1
0,1
1500,1
0,1
0,0
0,0
0,1
0,1
0,0
0,1
0,0
0,1
0,1
0,1
0,0
0,1
0,1
50,0
0,0
0,0
0,1
0,1
0,0
0,0
0,0
0,0
0,1
0,1
0,0
0,0
500,1
0,0
0,1
0,1
0,0
1000,0
0,1
0,0
0,1
0,1
0,1
0,1
0,0
0,0
0,0
0,1
0,0
0,0
0,1
0,0
0,0
0,0
0,0
0,1
0,0
0,1
0,0
0,0
0,0
0,0
0,0
600,0
0,1
0,0
0,0
0,0
800,0
0,0
0,0
0,1
2000,0
0,1
0,1
0,1
-5000,1
0,0
0,0
0,0
0,0
1000,1
7000,1
0,1
800,0
0,1
0,0
0,1
0,1
-2100,0
100,1
700,1
0,0
0,0
200,0
0,0
0,1
-1300,1
0,1
0,1
0,1
0,1
0,1
0,0
20000,1
1000,0
0,0
-2200,1
0,1
0,0
0,0
0,0
0,0
0,1
0,1
0,0
0,1
0,1
80000,1
0,1
0,0
0,0
0,0
0,0
0,0
0,1
0,0
0,1
0,1
0,0
0,1
0,1
0,1
0,1
0,1
0,0
100,0
0,0
0,1
150,1
0,0
0,1
0,0
0,0
0,1
0,1
6000,0
0,1
0,0
0,1
0,0
-1000,1
200,1
-400,0
0,0
0,0
0,1
0,0
800,1
0,1
0,1
0,1
0,1
0,0
0,0
0,0
0,1
0,1
0,1
0,1
1100,1
0,1
0,0
0,0
0,1
0,1
0,0
1000,1
0,1
0,0
0,1
0,1
0,1
0,1
0,1
0,0
0,0
0,1
0,1
4000,0
-1500,0
0,0
200,0
0,0
0,1
0,0
0,1
0,1
-2500,0
0,1
0,1
0,0
960,0
0,0
0,0
0,1
0,0
1100,1
0,1
0,1
0,0
0,1
0,1
0,0
0,0
0,0
0,0
-860,0
0,0
-278,0
0,0
0,1
1500,0
0,1
0,1
0,0
0,1
0,0
0,1
0,1
0,0
0,1
700,1
1000,0
0,1
0,0
0,1
0,1
1000,1
1500,1
2000,1
0,1
0,0
0,0
0,1
0,0
0,0
0,0
-200,0
0,0
0,1
0,0
0,0
0,1
350,1
0,0
0,1
0,0
1000,0
0,0
400,1
-1200,1
0,1
1800,1
0,0
0,1
0,0
-5000,1
1500,0
1500,0
0,1
500,1
0,1
0,0
0,0
3300,0
1500,0
0,1
300,1
0,1
0,1
0,1
0,0
0,1
0,0
0,0
0,1
0,1
0,0
0,1
0,0
0,1
100,0
0,1
0,1
250,1
0,1
0,0
5000,1
0,0
0,0
3000,1
0,0
0,1
0,0
0,0
0,0
300,1
0,0
0,0
-500,1
0,1
200,0
0,0
0,0
0,0
0,1
0,0
0,1
0,0
0,0
0,0
0,1
15510,1
0,1
100,0
0,0
0,0
0,1
0,1
0,1
0,0
0,1
0,1
0,1
300,1
0,0
0,0
0,0
0,0
0,1
0,1
0,1
-700,0
0,1
1000,1
0,1
0,1
0,0
0,1
0,1
0,0
0,0
0,1
100,0
0,1
0,0
0,1
0,1
0,1
0,0
200,0
0,0
-2500,0
300,0
0,1
1200,1
0,1
0,1
0,1
0,1
0,0
0,0
300,1
0,1
0,0
0,0
0,1
0,1
0,0
0,0
0,1
0,1
0,1
0,1
0,0
0,1
0,0
2000,0
0,0
0,1
0,0
0,1
0,0
0,1
0,0
0,1
0,0
0,1
0,1
0,1
0,0
0,1
0,1
0,1
0,0
0,0
0,1
0,1
0,1
0,1
0,0
0,0
0,0
0,1
0,1
0,0
0,0
0,1
0,1
0,0
0,0
0,0
500,1
0,0
0,0
0,1
0,0
600,0
0,0
0,1
0,0
0,0
0,1
0,0
0,1
0,0
0,0
0,0
0,0
0,0
0,1
0,1
0,1
0,1
0,1
0,0
0,1
200,1
0,1
0,0
0,1
0,1
0,0
0,1
0,1
1200,1
0,0
0,1
0,0
0,0
0,0
60,1
0,1
0,0
0,1
0,0
2000,0
0,1
500,1
0,1
0,1
0,1
0,1
0,1
0,1
1600,0
0,1
-15,0
0,0
0,0
0,1
0,1
0,0
0,0
0,1
0,0
0,0
0,1
1000,0
0,1
500,0
0,1
0,1
0,1
0,0
0,1
0,1
0,0
0,1
500,0
0,0
0,0
0,1
0,0
0,1
1400,0
0,1
0,1
500,0
0,1
0,1
800,0
0,0
0,1
0,0
0,0
0,0
-1500,1
0,1
-1000,1
0,1
0,1
0,0
0,0
0,0
0,0
0,1
0,0
0,0
0,1
0,0
0,1
0,1
0,0
0,0
0,0
0,0
0,0
0,0
0,0
0,0
400,1
0,0
0,1
0,0
0,1
0,0
0,1
0,1
0,0
0,0
0,0
30,1
0,1
900,1
0,1
0,1
0,0
0,1
0,0
0,1
0,1
0,1
0,0
0,0
0,0
0,1
-2000,1
0,0
0,1
0,1
0,1
0,0
0,1
0,0
0,0
0,0
0,1
0,1
0,0
0,0
0,1
0,1
0,0
0,0
0,1
0,1
0,0
0,1
0,1
0,1
0,0
0,1
0,0
0,1
-500,1
0,0
0,0
0,1
0,0
0,1
0,0
0,0
0,0
-700,0
0,0
0,0
-2000,1
0,0
700,0
0,0
0,0
0,0
0,0
0,0
0,0
0,0
-6000,1
0,1
0,0
0,1
0,0
0,0
0,0
0,1
0,1
0,0
0,1
-500,0
0,1
0,1
400,1
0,0
0,1
0,1
300,0
1050,1
0,1
0,0
0,1
0,1
0,1
518,1
0,1
0,0
0,1
0,0
0,1
0,1
-2000,1
0,1
0,0
0,0
0,1
0,0
0,1
0,1
0,0
1000,0
0,0
0,1
0,1
0,1
0,1
0,0
0,0
0,0
0,1
0,0
0,1
0,1
0,0
0,0
0,1
0,1
2600,1
0,1
600,1
0,1
300,1
0,0
0,0
0,1
0,0
14000,0
0,1
0,0
-100,1
600,1
0,0
0,0
0,0
1000,0
0,1
0,0
0,1
0,1
0,1
0,0
600,0
0,1
0,1
0,1
0,1
6000,1
0,1
0,1
0,0
0,0
0,0
0,1
0,0
0,1
0,1
0,1
0,1
-200,0
0,1
0,0
0,0
0,1
0,0
1000,0
-1100,0
0,1
0,0
0,1
700,1
0,1
0,1
0,1
0,0
0,1
0,1
0,1
0,0
0,0
1000,0
0,0
0,0
0,1
0,0
0,0
0,0
500,0
0,1
150,1
0,1
0,1
-20,0
0,1
0,1
0,0
-1500,0
0,0
0,0
0,0
0,1
0,0
0,1
0,0
0,0
220,0
0,1
-1500,1
0,1
0,1
0,1
0,0
0,0
0,0
0,0
0,1
1500,0
0,1
0,1
0,1
1300,0
700,0
-1900,1
0,1
0,1
0,0
0,0
0,0
700,0
0,1
0,0
0,0
0,0
200,0
0,1
0,0
0,0
0,1
926,0
0,1
-3500,1
0,1
-1600,1
0,0
0,1
0,1
0,0
300,1
700,0
0,1
0,0
0,0
0,1
0,1
1800,1
0,0
0,1
1600,0
0,1
0,1
0,1
0,1
0,0
0,1
0,0
0,0
0,0
0,0
0,0
0,1
0,0
0,0
0,1
1000,1
0,1
0,0
0,0
1300,1
0,0
0,0
180,1
0,1
0,1
0,0
-600,0
0,0
1000,1
0,0
0,1
120,1
0,0
0,0
0,1
0,1
0,0
0,0
-50,1
400,0
0,0
0,1
0,0
0,0
0,0
0,1
0,1
0,1
0,1
0,1
0,0
0,0
0,0
0,1
0,1
0,1
0,1
0,1
0,0
0,0
0,0
0,1
0,0
0,1
0,1
0,0
0,0
0,1
0,0
2800,1
0,1
0,1
0,1
0,0
0,0
-900,0
0,1
0,1
0,1
-1500,1
0,0
0,1
0,0
600,0
0,1
0,0
0,1
0,1
0,1
0,0
0,1
0,0
-1000,0
0,0
0,1
0,1
1620,0
0,0
0,0
0,0
0,0
1500,1
1000,0
0,1
800,0
0,1
0,0
0,1
0,0
0,1
0,0
0,0
300,1
0,1
1000,0
0,0
0,0
0,0
0,1
0,1
0,0
0,0
0,0
0,1
0,1
0,1
0,1
1000,0
0,1
0,0
0,1
3300,0
0,0
0,1
0,1
0,0
0,1
0,0
0,1
5000,1
0,0
0,1
300,1
-370,0
550,0
0,1
0,1
0,1
0,1
0,0
0,0
0,0
0,1
-1500,0
0,1
0,1
0,1
0,0
0,0
0,1
0,1
0,0
0,1
0,1
0,1
1000,1
0,0
0,1
0,1
0,1
100,0
0,0
0,0
0,1
0,0
0,1
0,0
2000,1
0,0
0,0
0,1
0,0
0,1
0,1
0,0
0,1
0,0
0,0
0,0
0,0
0,0
0,1
500,1
0,0
0,0
0,0
0,1
0,1
0,0
0,1
0,0
0,1
0,0
0,0
0,1
0,0
0,0
150,0
0,1
0,1
0,0
0,0
0,1
0,1
0,1
2800,1
0,0
0,1
500,1
0,1
0,1
0,1
0,1
0,0
0,1
0,0
0,0
0,1
0,1
1500,0
0,0
0,1
0,1
0,1
0,1
-1324,0
0,1
0,0
0,0
0,0
1000,1
0,0
0,0
0,0
0,0
0,1
0,0
0,1
0,1
0,1
0,1
0,0
0,0
2000,0
0,0
0,1
0,1
0,1
0,1
0,1
0,1
0,1
0,0
0,0
0,0
0,0
0,1
0,1
0,0
0,0
2600,1
0,1
0,1
0,1
0,0
0,1
0,1
0,1
0,1
900,1
1200,0
0,1
0,1
0,0
0,1
600,1
0,0
2250,1
0,1
0,0
0,0
0,0
0,1
0,0
0,1
0,1
0,1
0,0
0,1
-345,0
0,1
0,0
0,1
0,0
0,1
0,1
0,1
0,1
0,0
0,1
0,1
0,0
-600,1
0,1
0,1
0,1
0,0
1200,1
-500,1
1200,0
-50,0
0,1
0,1
800,1
500,0
0,0
0,0
0,1
0,1
0,0
700,0
0,0
0,0
0,1
0,0
0,1
0,1
0,1
0,1
0,0
0,0
-300,1
0,0
0,0
0,1
0,1
0,1
0,1
0,0
0,0
0,1
0,0
0,0
5000,1
0,0
0,1
0,1
0,1
500,0
0,1
0,0
0,1
0,0
0,0
3000,1
0,0
0,1
0,1
0,0
0,1
0,1
0,1
0,0
0,0
0,1
0,1
0,1
0,1
0,0
0,1
0,1
0,0
0,1
0,0
0,1
0,1
0,0
0,1
0,1
0,0
0,1
0,0
0,1
0,1
0,1
-1000,1
0,0
0,1
500,0
600,1
0,0
0,1
0,1
-2000,1
4000,1
1400,1
0,0
0,1
0,1
0,1
0,1
0,0
0,1
0,0
0,1
0,0
0,0
0,0
0,0
0,0
0,1
0,0
0,1
0,0
0,0
0,1
0,1
0,0
0,0
0,1
0,0
0,1
0,1
0,1
0,1
0,0
800,0
-20,1
0,1
0,0
0,0
1100,0
1176,1
0,0
0,1
0,0
0,0
0,0
0,1
0,0
0,0
400,0
1500,0
0,1
0,1
0,0
0,0
0,0
1000,1
0,1
0,1
150,1
0,0
220,0
0,0
0,0
0,0
0,1
0,0
0,1
0,1
0,0
650,1
0,0
0,0
0,0
0,0
700,0
0,0
0,0
0,0
0,0
0,1
0,1
0,1
0,1
0,1
0,1
-500,1
0,0
0,1
0,0
0,1
0,1
0,0
0,1
0,1
0,1
0,1
0,1
0,1
0,1
0,1
0,0
300,0
0,0
0,0
1200,0
0,0
0,1
0,0
0,0
0,1
0,1
0,0
900,0
1500,0
0,0
0,1
3300,1
0,1
0,1
0,1
0,0
0,1
0,0
3000,1
0,0
0,0
0,1
0,0
0,0
400,1
0,1
0,1
0,0
2000,1
0,1
0,0
0,0
0,0
0,0
0,0
400,0
0,0
200,1
0,1
0,0
0,0
0,0
0,1
-500,0
0,1
0,1
0,1
500,1
0,1
0,0
0,1
0,0
1500,0
0,1
0,0
0,0
0,0
0,1
0,1
0,1
0,0
0,1
0,0
-900,0
0,0
0,1
0,0
1400,0
0,1
0,0
-400,0
0,0
0,0
0,0
0,1
0,0
0,0
0,0
0,0
0,0
0,0
0,1
0,0
0,0
0,0
0,0
0,0
0,0
0,0
0,1
0,0
0,0
0,0
0,0
0,0
2100,0
22000,0
0,0
0,0
-400,1
0,0
0,0
200,1
0,1
0,0
0,0
0,0
0,0
0,0
0,0
0,0
0,0
0,1
0,0
0,1
0,1
0,1
0,0
4000,0
0,0
0,0
700,0
0,1
0,1
0,0
0,0
0,1
0,0
0,1
0,1
0,0
0,1
0,1
0,1
0,0
0,0
0,0
1000,1
0,1
0,0
800,0
0,0
0,0
0,0
0,0
900,0
0,0
0,0
0,1
0,1
0,1
0,1
0,0
600,1
0,1
1000,0
0,0
800,0
0,0
0,0
0,0
0,0
-1200,1
0,1
0,1
0,1
0,0
0,0
0,1
0,0
0,0
0,1
0,0
0,0
0,1
0,0
0,0
700,0
1000,0
0,1
0,0
0,1
200,0
0,1
0,1
0,0
0,0
0,1
2500,1
0,0
-400,1
0,1
0,0
2000,0
0,1
-1800,1
0,0
0,0
0,0
0,0
0,0
0,0
0,0
0,0
0,0
0,1
0,0
-5800,1
0,1
0,0
2000,0
0,0
0,0
0,1
0,0
0,0
0,1
0,1
0,0
0,0
0,1
800,0
-100,0
0,0
0,1
200,1
4000,0
0,0
-500,1
0,0
0,1
0,1
0,1
0,0
0,1
0,0
0,1
0,0
0,0
0,1
0,0
450,0
0,0
0,0
0,0
0,1
-300,0
0,0
0,1
0,0
0,1
0,0
0,1
0,0
0,1
0,1
0,0
0,1
0,0
0,0
0,1
0,0
0,1
0,0
0,1
0,0
0,0
0,0
0,0
0,1
0,0
2000,0
400,0
0,1
0,0
0,0
0,1
0,0
0,0
0,0
0,1
0,1
0,0
0,0
0,0
-4800,0
0,1
0,0
-500,0
0,1
1400,0
0,0
0,1
4000,1
0,0
0,0
0,1
0,0
0,0
0,0
500,1
2700,0
-2000,0
0,0
0,0
0,0
1000,1
2000,1
0,1
0,0
0,0
0,0
0,1
0,0
0,0
0,0
0,1
0,0
0,0
0,0
0,1
0,0
0,0
0,0
-700,0
0,0
0,0
0,0
0,0
0,1
0,0
0,1
0,0
0,1
0,0
0,1
1200,0
0,1
0,0
0,0
0,0
0,0
0,1
0,0
0,0
0,0
-100,0
0,1
570,1
0,1
0,0
-2100,0
0,1
0,0
0,0
0,0
0,1
0,1
0,0
0,0
0,1
0,0
1500,0
0,0
0,0
0,1
0,0
0,0
0,0
0,1
-2400,0
0,1
0,1
0,1
0,1
0,1
0,0
0,1
0,0
0,1
0,0
500,1
0,0
0,0
0,1
0,1
-2000,1
0,1
0,0
0,0
0,0
0,1
0,0
1850,0
0,1
-3600,0
0,0
0,1
0,1
0,0
0,0
0,0
0,1
0,1
0,1
0,1
0,1
0,0
600,0
0,1
0,0
0,0
0,1
4000,0
800,1
500,0
0,1
0,1
0,1
0,1
0,0
0,1
0,1
0,0
300,0
0,1
-8000,0
0,1
0,1
0,1
0,1
0,0
0,0
3200,1
0,1
400,1
3000,1
0,0
0,1
0,0
0,1
0,0
0,1
5000,0
0,1
0,1
0,0
0,0
0,0
0,1
0,0
0,0
0,0
0,0
0,0
0,0
280,1
0,0
0,0
0,0
0,1
0,0
0,1
0,1
0,1
-100,0
6000,1
0,1
0,0
0,0
0,0
0,0
4000,1
0,1
0,1
0,1
0,1
0,0
0,1
0,0
0,0
0,0
0,0
0,1
0,0
0,0
0,0
0,0
900,1
0,1
0,1
0,0
0,0
0,0
0,0
1500,0
0,1
0,0
0,0
-700,1
0,0
0,1
0,1
0,0
0,1
0,0
0,0
0,0
0,0
0,1
0,0
0,1
0,1
0,0
0,1
0,1
0,0
0,1
0,0
1800,0
1600,1
0,1
0,0
0,1
0,0
5480,1
0,0
0,0
50,0
0,0
4000,0
0,1
0,1
0,1
-2000,1
0,1
0,0
600,1
0,1
-1000,0
1000,0
0,1
400,1
0,1
0,0
0,0
0,0
0,1
0,1
600,0
0,0
0,1
0,0
1200,1
0,0
0,1
0,0
0,0
400,0
0,1
300,0
0,1
0,0
0,1
0,1
400,1
0,0
0,1
0,1
0,0
0,0
0,0
1500,0
2425,0
500,0
0,1
0,0
0,0
0,1
800,0
0,1
0,0
0,0
0,0
0,1
0,1
0,0
600,0
0,0
0,0
0,1
0,0
0,0
0,0
0,0
600,0
0,0
0,1
1000,0
900,0
911,0
0,0
0,1
0,0
4000,0
0,0
-2740,1
0,0
0,1
800,0
0,0
0,0
-200,0
0,0
280,1
600,0
0,0
0,0
0,0
0,0
0,0
0,0
0,0
0,0
0,0
0,0
600,0
0,1
0,0
0,0
0,0
0,1
0,0
0,0
0,0
0,1
1500,0
0,0
0,0
0,0
0,0
0,0
0,0
2500,0
0,0
0,0
0,1
0,0
0,1
-2805,1
0,0
0,1
0,0
0,1
0,1
0,1
0,1
0,1
0,0
0,1
300,0
0,1
0,0
1500,1
0,0
0,1
-450,0
0,0
0,0
0,1
0,1
-62000,1
0,0
0,1
0,0
0,0
0,1
0,1
0,0
0,0
0,1
0,0
0,0
645,1
0,1
4000,0
0,0
0,1
0,0
500,0
3300,0
0,0
0,1
0,0
400,1
0,0
0,0
0,1
2300,0
0,0
0,0
0,1
0,0
0,0
0,0
250,0
0,0
350,1
0,0
-200,0
0,1
0,0
-300,0
0,1
0,0
-10,0
0,0
1000,1
0,0
0,0
0,1
0,1
0,1
0,1
0,1
0,0
0,0
0,0
0,0
0,1
0,0
200,1
0,0
0,0
0,0
0,0
0,1
0,0
0,1
0,1
2500,1
-1000,1
0,1
0,0
0,0
3900,0
0,0
0,0
13000,0
0,1
0,0
0,1
0,0
0,1
0,1
0,0
0,1
0,0
0,1
0,0
0,0
0,0
0,1
0,1
0,0
0,0
0,1
0,0
0,1
0,0
1100,0
0,1
-3000,0
0,0
0,0
0,0
0,0
0,0
0,0
0,1
0,0
0,0
0,1
0,0
0,0
-1500,1
0,1
500,0
0,0
0,0
0,0
100,0
0,1
0,1
-1300,0
600,0
-700,0
0,0
0,0
0,0
0,0
0,0
0,0
-2000,0
100,0
0,1
0,0
0,1
-800,0
0,0
0,0
0,0
0,1
-1340,1
800,0
0,1
0,0
380,0
0,1
0,0
0,0
0,0
-370,0
1000,0
0,0
0,0
0,1
0,0
0,1
0,0
0,1
0,0
0,0
0,1
0,1
0,0
0,0
0,0
0,0
0,0
0,0
0,1
0,0
0,0
-1100,0
0,1
0,0
5000,0
0,0
0,0
200,0
0,0
0,0
2500,0
0,0
0,0
0,0
0,0
0,0
0,0
-9900,0
1300,0
2000,1
0,1
0,1
0,0
0,1
0,0
0,1
0,1
0,0
0,0
0,1
0,1
90,1
0,0
0,1
0,0
0,1
0,1
0,0
1500,1
0,0
0,1
0,0
2400,0
0,1
-500,1
300,0
0,0
0,1
-950,1
0,1
0,0
1100,0
0,0
0,0
1200,0
3000,0
0,0
0,1
0,0
0,1
0,1
0,1
0,0
0,0
0,1
0,1
70,0
0,0
6000,1
1100,0
0,0
200,1
0,0
0,0
0,0
0,0
0,0
-90,0
0,0
0,0
0,0
0,1
1000,0
0,0
0,1
2000,0
0,0
0,0
0,1
0,0
0,1
0,0
0,1
0,0
0,1
0,0
0,1
2500,1
0,0
0,0
700,1
0,0
0,0
0,0
0,1
-600,0
0,0
0,0
0,1
600,0
0,0
0,0
0,1
600,1
0,0
0,0
0,0
0,1
0,1
0,0
0,0
0,0
0,0
0,1
0,0
0,1
0,1
0,0
0,1
0,0
4000,1
0,0
2800,0
-200,0
0,0
0,1
0,1
1000,0
0,0
0,0
0,1
0,1
0,1
-1500,0
1500,0
0,1
0,1
0,1
0,1
0,0
0,1
0,0
2500,1
0,0
0,0
0,0
700,1
0,0
0,0
0,0
0,1
0,0
0,0
0,1
0,0
0,0
0,0
0,0
0,1
0,0
0,0
200,0
0,0
250,0
0,0
0,0
-1000,0
0,1
0,0
0,1
0,1
2000,0
0,1
0,0
0,0
0,0
0,0
0,0
300,0
0,1
1100,0
0,0
0,1
0,0
0,0
0,0
0,0
0,0
0,1
0,0
600,0
0,1
0,0
0,0
0,0
630,0
0,1
0,1
0,1
100,0
0,0
0,0
0,0
0,0
0,0
0,1
0,1
-900,1
1400,1
0,0
700,1
700,0
0,1
0,1
1800,0
0,0
0,0
0,0
0,0
-300,0
0,0
0,1
-500,0
0,1
5106,0
0,1
0,0
0,0
0,1
300,0
0,0
0,1
500,1
0,1
1500,0
0,0
0,1
0,0
-1000,0
0,1
0,0
115,0
0,1
0,1
0,0
0,0
0,0
0,0
0,0
0,0
2000,0
3000,0
0,1
0,0
0,1
0,0
0,0
0,0
0,1
0,0
0,1
0,0
0,0
2000,1
0,1
1500,1
0,0
0,1
0,1
0,1
0,0
0,1
0,1
16000,0
1800,1
0,1
0,0
0,0
0,0
0,1
0,0
0,0
0,1
0,1
500,0
0,1
0,0
5000,0
0,1
0,0
-650,0
0,1
0,0
0,0
800,1
0,0
0,1
1700,1
0,1
0,0
0,0
0,0
0,1
0,0
0,1
0,0
-1400,0
500,1
0,0
0,0
0,0
0,0
0,0
0,0
0,0
0,0
0,1
0,0
-2500,1
0,1
0,1
0,0
0,1
0,0
-240,0
0,0
0,1
1650,0
0,1
0,1
500,1
0,1
0,1
0,0
-400,0
600,0
0,0
0,0
0,1
0,0
200,0
-500,1
0,1
1300,0
0,0
0,0
0,0
0,0
500,0
0,1
0,0
0,1
0,0
0,0
0,0
0,0
0,0
0,0
-200,0
6000,0
0,0
0,0
1200,0
0,1
21000,0
0,0
0,0
0,0
0,0
500,1
0,1
180,1
0,0
0,0
0,0
500,1
0,1
0,1
0,0
0,0
0,1
0,1
0,0
0,1
1000,0
0,0
0,0
0,0
0,0
0,1
0,1
0,1
0,0
300,0
1000,0
0,1
0,1
0,0
-500,0
0,0
0,0
600,1
0,1
0,0
0,0
0,1
0,0
490,1
0,1
0,1
0,1
0,0
0,0
0,0
0,1
0,0
2000,1
2309,0
0,1
0,0
0,0
0,1
3000,0
0,0
0,0
-20,1
0,0
0,0
0,1
0,0
70000,1
0,1
0,1
-150,0
0,0
600,1
500,0
0,0
-2800,0
0,1
0,0
0,0
0,0
0,0
0,0
0,1
0,0
0,0
0,0
0,0
0,0
0,1
700,0
0,1
500,1
0,0
0,1
0,0
0,0
0,0
0,0
0,1
0,0
0,0
0,1
0,1
0,0
0,0
0,1
0,0
0,1
0,1
0,1
0,0
0,0
0,1
0,0
0,1
0,0
0,1
0,1
0,1
0,0
0,0
0,1
2800,0
0,1
0,0
0,0
0,0
0,1
0,0
2000,0
0,1
0,1
0,1
0,1
0,0
3800,1
0,1
-700,1
0,0
0,0
0,0
0,0
0,0
0,1
0,1
0,1
0,1
0,0
-720,0
0,1
0,0
0,1
0,1
0,0
0,0
0,0
0,0
0,1
0,1
0,1
0,1
0,0
0,0
0,0
-200,1
0,0
0,0
2000,0
0,0
400,1
-250,1
0,0
0,0
500,0
0,0
0,0
0,1
0,1
0,1
0,0
1000,0
0,0
0,1
350,0
0,0
0,0
0,0
0,0
0,0
0,0
0,0
0,0
0,1
0,0
1000,0
0,0
350,0
0,0
0,1
0,1
500,0
0,0
0,0
0,1
-2000,0
1500,1
0,1
0,0
0,0
0,0
0,0
-3000,0
0,0
0,0
0,0
0,0
0,0
-400,0
800,0
0,0
1200,0
0,1
0,0
0,1
0,0
0,1
0,0
0,1
0,0
0,0
0,1
0,1
500,0
0,0
-2000,0
0,0
0,1
0,0
0,1
0,1
450,1
30000,1
0,1
0,0
0,1
-2400,0
0,0
-1200,1
0,0
0,0
0,0
1500,0
0,1
0,0
500,1
150,1
0,0
150,0
0,1
0,1
0,1
1800,0
0,0
0,0
0,0
0,1
0,0
0,1
0,0
0,0
0,1
0,0
0,1
0,1
0,0
0,1
200,1
0,0
0,0
0,0
0,0
0,0
0,0
0,0
0,1
0,0
0,0
0,1
0,0
0,0
0,1
0,0
0,0
0,0
0,0
0,0
0,0
0,1
0,0
0,0
300,1
0,1
0,1
0,0
0,1
0,1
0,1
0,0
0,0
0,0
0,0
0,0
100,0
0,0
0,0
0,1
0,0
-5000,1
0,0
0,0
0,0
0,0
0,0
0,1
0,1
0,0
-500,0
0,1
0,0
0,0
0,0
0,1
600,1
0,0
800,0
200,1
0,1
0,1
0,0
169,0
0,0
0,0
0,0
0,0
0,1
700,0
0,0
0,0
0,0
0,0
2000,0
150,0
0,0
0,0
0,1
0,0
0,0
0,0
0,1
0,0
0,1
-500,1
-4000,0
0,0
0,1
0,1
0,0
0,0
0,0
0,1
0,0
0,1
0,1
0,0
0,0
0,0
0,0
0,0
0,1
0,1
0,1
-400,0
0,1
0,0
0,0
0,1
2000,1
0,0
500,0
0,0
700,0
0,0
0,0
0,1
0,0
0,0
0,0
0,1
0,0
1100,1
0,1
0,0
0,1
0,0
-600,1
-2500,1
100,1
0,0
0,1
800,0
0,0
-1000,0
0,1
0,0
0,1
0,1
0,1
320,1
0,1
0,1
0,1
0,1
0,1
0,1
0,0
0,0
0,1
0,1
0,1
0,0
0,1
0,0
0,0
0,0
600,1
0,0
0,0
-1864,0
0,1
0,0
0,0
0,0
0,1
0,1
0,0
0,1
0,0
800,0
0,0
0,0
0,0
0,1
0,0
0,0
0,1
0,0
0,0
0,0
0,0
600,0
0,0
0,0
0,1
0,0
0,0
0,0
4000,1
0,0
0,1
2200,0
100,0
0,1
0,0
0,1
0,0
-2000,0
0,1
0,0
0,0
0,0
-500,0
0,1
200,0
0,0
0,0
0,0
0,0
0,1
2100,1
0,1
0,0
0,0
0,1
2500,0
0,0
0,0
0,0
0,0
0,0
0,0
0,1
0,0
300,0
0,1
0,1
0,0
0,0
0,0
0,0
1100,0
0,0
0,0
3000,0
2520,0
0,0
0,1
0,1
0,0
0,0
0,1
1000,0
0,1
0,1
-600,0
0,0
0,1
0,1
0,1
0,0
0,1
-1500,0
0,1
700,0
0,1
0,0
-2200,0
500,0
0,0
0,1
0,0
0,0
0,1
0,1
0,0
0,0
0,0
0,0
0,1
0,1
0,0
-205,0
0,0
0,0
0,0
0,0
0,1
500,1
0,1
0,1
0,1
0,0
0,0
0,1
0,1
0,1
0,0
0,1
0,0
0,0
0,1
900,1
0,0
600,0
0,0
0,1
0,0
0,0
0,0
0,1
0,1
200,1
0,1
0,1
0,1
0,1
0,1
1500,0
0,0
0,1
0,0
0,0
0,0
0,0
0,1
320,0
0,0
0,0
2070,0
1000,0
0,0
0,0
5000,1
0,1
900,1
0,1
2000,1
1000,0
0,0
0,0
1000,0
0,0
0,0
0,1
0,1
-250,1
0,1
0,0
0,0
0,1
0,1
0,0
500,1
0,0
0,1
0,0
0,1
0,0
0,0
0,0
0,0
0,1
110,1
0,0
2000,0
-1000,0
0,0
0,1
0,0
0,1
0,0
0,0
0,0
0,0
0,0
0,0
0,0
0,0
0,0
0,1
0,0
0,1
0,1
0,1
0,0
2900,0
0,0
600,0
0,1
